-- Adminer 4.8.1 MySQL 11.1.2-MariaDB-1:11.1.2+maria~ubu2204 dump

SET NAMES utf8;
SET time_zone = '+00:00';
SET foreign_key_checks = 0;
SET sql_mode = 'NO_AUTO_VALUE_ON_ZERO';

SET NAMES utf8mb4;

DROP TABLE IF EXISTS `assignment`;
CREATE TABLE `assignment` (
  `id` int(11) NOT NULL AUTO_INCREMENT,
  `ownerId` int(11) DEFAULT NULL,
  `cardId` int(11) DEFAULT NULL,
  `detailsCreatedat` datetime(6) NOT NULL DEFAULT current_timestamp(6),
  `detailsUpdatedat` datetime(6) NOT NULL DEFAULT current_timestamp(6) ON UPDATE current_timestamp(6),
  `detailsByid` int(11) DEFAULT NULL,
  PRIMARY KEY (`id`)
) ENGINE=InnoDB DEFAULT CHARSET=utf8mb4 COLLATE=utf8mb4_general_ci;

TRUNCATE `assignment`;

DROP TABLE IF EXISTS `banner`;
CREATE TABLE `banner` (
  `id` int(11) NOT NULL AUTO_INCREMENT,
  `title` varchar(255) NOT NULL,
  `audioUrl` varchar(255) DEFAULT NULL,
  `imageUrl` varchar(255) NOT NULL,
  `type` enum('web','mobile') NOT NULL,
  `start` datetime NOT NULL,
  `end` datetime NOT NULL,
  `isActive` tinyint(4) NOT NULL DEFAULT 1,
  `detailsCreatedat` datetime(6) NOT NULL DEFAULT current_timestamp(6),
  `detailsUpdatedat` datetime(6) NOT NULL DEFAULT current_timestamp(6) ON UPDATE current_timestamp(6),
  `detailsByid` int(11) DEFAULT NULL,
  `description` text NOT NULL,
  PRIMARY KEY (`id`)
) ENGINE=InnoDB DEFAULT CHARSET=utf8mb4 COLLATE=utf8mb4_general_ci;

TRUNCATE `banner`;
INSERT INTO `banner` (`id`, `title`, `audioUrl`, `imageUrl`, `type`, `start`, `end`, `isActive`, `detailsCreatedat`, `detailsUpdatedat`, `detailsByid`, `description`) VALUES
(5,	'🎉 Profitez de -10% avec Wave ! 🎉',	NULL,	'https://senrestodev.s3.amazonaws.com/public/dev/75610281042089de55ca3748f3bce84e96.jpg',	'web',	'2024-08-01 00:00:00',	'2024-08-31 00:00:00',	1,	'2024-08-31 13:28:36.893862',	'2024-09-11 10:43:35.000000',	NULL,	'Payer avec l\'application Wave et bénéficiez d\'une réduction immédiate de 10% sur tous vos achats ! Simple, rapide et sécurisé, Wave facilite vos transactions et vous permet de faire des économies. Ne manquez pas cette offre exclusive, disponible pour une durée limitée !'),
(6,	'Bonne nouvelle ! 🎉 ',	NULL,	'https://senrestodev.s3.amazonaws.com/public/dev/57abfee496bb10cbe102a4963948c3dd83.jpg',	'web',	'2024-09-03 00:00:00',	'2024-09-30 00:00:00',	1,	'2024-09-09 23:19:10.160363',	'2024-09-09 23:19:10.160363',	NULL,	'Nous sommes ravis de vous annoncer que vous pouvez désormais effectuer vos paiements en toute simplicité avec Kpay sur notre plateforme ! 💳📱');

DROP TABLE IF EXISTS `card`;
CREATE TABLE `card` (
  `id` int(11) NOT NULL AUTO_INCREMENT,
  `serial` varchar(255) NOT NULL,
  `uid` varchar(255) NOT NULL,
  `pan` varchar(255) NOT NULL,
  `status` enum('In Progress','Assigned','Ready for Allocation','Blocked','Delected','Cancelled') NOT NULL DEFAULT 'Ready for Allocation',
  `isAsssignate` tinyint(4) NOT NULL DEFAULT 0,
  `assignmentId` int(11) DEFAULT NULL,
  `parentId` int(11) DEFAULT NULL,
  `detailsCreatedat` datetime(6) NOT NULL DEFAULT current_timestamp(6),
  `detailsUpdatedat` datetime(6) NOT NULL DEFAULT current_timestamp(6) ON UPDATE current_timestamp(6),
  `detailsByid` int(11) DEFAULT NULL,
  PRIMARY KEY (`id`),
  UNIQUE KEY `IDX_eeb2eed8a0d6cd53e4c4124ef9` (`serial`),
  UNIQUE KEY `IDX_9ba5379c86333ca0f162c4a425` (`uid`)
) ENGINE=InnoDB DEFAULT CHARSET=utf8mb4 COLLATE=utf8mb4_general_ci;

TRUNCATE `card`;

DROP TABLE IF EXISTS `card_allocation`;
CREATE TABLE `card_allocation` (
  `id` int(11) NOT NULL AUTO_INCREMENT,
  `senderId` int(11) DEFAULT NULL,
  `receiverId` int(11) DEFAULT NULL,
  `startSerial` varchar(255) NOT NULL,
  `endSerial` varchar(255) NOT NULL,
  `quantity` int(11) NOT NULL,
  `label` varchar(255) NOT NULL,
  `motif` varchar(255) DEFAULT NULL,
  `acceptedById` int(11) DEFAULT NULL,
  `rejectionMotif` varchar(255) DEFAULT NULL,
  `status` enum('initiate','accepted','rejected') DEFAULT 'initiate',
  `detailsCreatedat` datetime(6) NOT NULL DEFAULT current_timestamp(6),
  `detailsUpdatedat` datetime(6) NOT NULL DEFAULT current_timestamp(6) ON UPDATE current_timestamp(6),
  `detailsByid` int(11) DEFAULT NULL,
  PRIMARY KEY (`id`)
) ENGINE=InnoDB DEFAULT CHARSET=utf8mb4 COLLATE=utf8mb4_general_ci;

TRUNCATE `card_allocation`;

DROP TABLE IF EXISTS `card_allocation_details`;
CREATE TABLE `card_allocation_details` (
  `cardAllocationId` int(11) NOT NULL,
  `cardId` int(11) NOT NULL,
  PRIMARY KEY (`cardAllocationId`,`cardId`),
  KEY `IDX_958fb6e31308b86869b073f26f` (`cardAllocationId`),
  KEY `IDX_c5e119fcd156a1797f4101eaf9` (`cardId`)
) ENGINE=InnoDB DEFAULT CHARSET=utf8mb4 COLLATE=utf8mb4_general_ci;

TRUNCATE `card_allocation_details`;

DROP TABLE IF EXISTS `category`;
CREATE TABLE `category` (
  `id` int(11) NOT NULL AUTO_INCREMENT,
  `name` varchar(255) NOT NULL,
  `parentId` int(11) DEFAULT NULL,
  `nsleft` int(11) NOT NULL DEFAULT 1,
  `nsright` int(11) NOT NULL DEFAULT 2,
  PRIMARY KEY (`id`),
  KEY `FK_d5456fd7e4c4866fec8ada1fa10` (`parentId`),
  CONSTRAINT `FK_d5456fd7e4c4866fec8ada1fa10` FOREIGN KEY (`parentId`) REFERENCES `category` (`id`) ON DELETE NO ACTION ON UPDATE NO ACTION
) ENGINE=InnoDB DEFAULT CHARSET=utf8mb4 COLLATE=utf8mb4_general_ci;

TRUNCATE `category`;
INSERT INTO `category` (`id`, `name`, `parentId`, `nsleft`, `nsright`) VALUES
(3,	'root',	NULL,	1,	140),
(4,	'Entrées',	3,	2,	139),
(5,	'Accompagnements',	3,	2,	137),
(6,	'Plats Principaux',	3,	2,	135),
(7,	'Petits Déjeuners',	3,	2,	33),
(8,	'Boissons',	3,	34,	133),
(9,	'Desserts',	3,	34,	67),
(10,	'Snacks',	3,	68,	131),
(11,	'Cuisine Internationale',	3,	68,	69),
(12,	'Petit Déjeuner/Brunch',	3,	70,	77),
(13,	'Plats Traditionnels',	3,	70,	75),
(14,	'Aliments Spéciaux',	3,	70,	71),
(15,	'Repas Rapides',	3,	72,	73),
(16,	'Salades',	4,	79,	130),
(17,	'Amuse-bouche',	4,	79,	82),
(18,	'Nachos',	4,	83,	128),
(19,	'Egg rolls',	4,	83,	126),
(20,	'Soupes',	4,	83,	84),
(21,	'Riz',	5,	79,	80),
(22,	'Pommes de terre',	5,	85,	124),
(23,	'Légumes grillés',	5,	85,	94),
(24,	'Frites',	5,	85,	88),
(25,	'Légumes vapeur',	5,	89,	92),
(26,	'Viandes',	6,	85,	86),
(27,	'Pâtes',	6,	89,	90),
(28,	'Pizzas',	6,	95,	122),
(29,	'Plats végétariens',	6,	95,	120),
(30,	'Pancakes',	7,	3,	12),
(31,	'Plats sans gluten',	6,	95,	98),
(32,	'Plats végétaliens',	6,	95,	96),
(33,	'Omelettes',	7,	3,	10),
(34,	'Yaourts',	7,	3,	8),
(35,	'Fruits frais',	7,	3,	6),
(36,	'Flocons d\'avoine',	7,	3,	4),
(37,	'Cafés',	8,	99,	100),
(38,	'Jus de fruits',	8,	101,	118),
(39,	'Smoothies',	8,	101,	102),
(40,	'Thés',	8,	103,	106),
(41,	'Cocktails',	8,	103,	104),
(42,	'Gâteaux',	9,	13,	14),
(43,	'Glaces',	9,	15,	32),
(44,	'Tartes',	9,	15,	26),
(45,	'Cookies',	9,	15,	18),
(46,	'Puddings',	9,	15,	16),
(47,	'Popcorn',	10,	107,	116),
(48,	'Chips',	10,	107,	108),
(49,	'Nuts',	10,	109,	110),
(50,	'Fruits secs',	10,	111,	114),
(51,	'Hors-d\'œuvre',	10,	111,	112),
(52,	'Italienne',	11,	19,	20),
(53,	'Mexicaine',	11,	21,	22),
(54,	'Chinoise',	11,	23,	24),
(55,	'Indienne',	11,	27,	30),
(56,	'Japonaise',	11,	27,	28),
(57,	'Café et thés',	12,	35,	66),
(58,	'Viennoiseries',	12,	35,	64),
(59,	'Œufs',	12,	35,	62),
(60,	'Yaourts',	12,	35,	36),
(61,	'Fruits frais',	12,	37,	60),
(62,	'Plats du terroir',	13,	37,	38),
(63,	'Plats familiaux',	13,	39,	58),
(64,	'Plats de fête',	13,	39,	50),
(65,	'Bio',	14,	39,	40),
(66,	'Sans sucre ajouté',	14,	41,	48),
(67,	'Végétalien',	14,	41,	42),
(68,	'Sans gluten',	14,	43,	44),
(69,	'Casher',	14,	45,	46),
(70,	'Hamburgers',	15,	51,	52),
(71,	'Sandwichs',	15,	53,	56),
(72,	'Salades à emporter',	15,	53,	54);

DROP TABLE IF EXISTS `city`;
CREATE TABLE `city` (
  `id` int(11) NOT NULL AUTO_INCREMENT,
  `name` varchar(255) NOT NULL,
  `type` enum('REGION','DEPARTEMENT','ARRONDISSEMENT','COMMUNE') NOT NULL,
  `parentId` int(11) DEFAULT NULL,
  `createdAt` datetime(6) NOT NULL DEFAULT current_timestamp(6),
  `updatedAt` datetime(6) NOT NULL DEFAULT current_timestamp(6) ON UPDATE current_timestamp(6),
  `latitude` double NOT NULL DEFAULT 0,
  `longitude` double NOT NULL DEFAULT 0,
  PRIMARY KEY (`id`),
  KEY `FK_502f28f00e93f40de5873a2ec11` (`parentId`),
  CONSTRAINT `FK_502f28f00e93f40de5873a2ec11` FOREIGN KEY (`parentId`) REFERENCES `city` (`id`) ON DELETE NO ACTION ON UPDATE NO ACTION
) ENGINE=InnoDB DEFAULT CHARSET=utf8mb4 COLLATE=utf8mb4_general_ci;

TRUNCATE `city`;
INSERT INTO `city` (`id`, `name`, `type`, `parentId`, `createdAt`, `updatedAt`, `latitude`, `longitude`) VALUES
(2,	'DAKAR',	'REGION',	NULL,	'2024-07-30 16:35:39.450329',	'2024-07-30 16:35:39.458044',	0,	0),
(32,	'ZIGUINCHOR',	'REGION',	NULL,	'2024-07-30 16:35:39.450329',	'2024-07-30 16:35:39.458044',	0,	0),
(75,	'DIOURBEL',	'REGION',	NULL,	'2024-07-30 16:35:39.450329',	'2024-07-30 16:35:39.458044',	0,	0),
(77,	'SAINT LOUIS',	'REGION',	NULL,	'2024-07-30 16:35:39.450329',	'2024-07-30 16:35:39.458044',	0,	0),
(79,	'TAMBACOUNDA',	'REGION',	NULL,	'2024-07-30 16:35:39.450329',	'2024-07-30 16:35:39.458044',	0,	0),
(81,	'KAOLACK',	'REGION',	NULL,	'2024-07-30 16:35:39.450329',	'2024-07-30 16:35:39.458044',	0,	0),
(87,	'THIES',	'REGION',	NULL,	'2024-07-30 16:35:39.450329',	'2024-07-30 16:35:39.458044',	0,	0),
(90,	'LOUGA',	'REGION',	NULL,	'2024-07-30 16:35:39.450329',	'2024-07-30 16:35:39.458044',	0,	0),
(96,	'FATICK',	'REGION',	NULL,	'2024-07-30 16:35:39.450329',	'2024-07-30 16:35:39.458044',	0,	0),
(103,	'KOLDA',	'REGION',	NULL,	'2024-07-30 16:35:39.450329',	'2024-07-30 16:35:39.458044',	0,	0),
(146,	'MATAM',	'REGION',	NULL,	'2024-07-30 16:35:39.450329',	'2024-07-30 16:35:39.458044',	0,	0),
(212,	'KAFFRINE',	'REGION',	NULL,	'2024-07-30 16:35:39.450329',	'2024-07-30 16:35:39.458044',	0,	0),
(213,	'KEDOUGOU',	'REGION',	NULL,	'2024-07-30 16:35:39.450329',	'2024-07-30 16:35:39.458044',	0,	0),
(215,	'SEDHIOU',	'REGION',	NULL,	'2024-07-30 16:35:39.450329',	'2024-07-30 16:35:39.458044',	0,	0),
(223,	'DAKAR',	'DEPARTEMENT',	2,	'2024-07-30 16:35:39.450329',	'2024-07-30 16:35:39.458044',	0,	0),
(233,	'PIKINE',	'DEPARTEMENT',	2,	'2024-07-30 16:35:39.450329',	'2024-07-30 16:35:39.458044',	0,	0),
(266,	'RUFISQUE',	'DEPARTEMENT',	2,	'2024-07-30 16:35:39.450329',	'2024-07-30 16:35:39.458044',	0,	0),
(267,	'GUEDIAWAYE',	'DEPARTEMENT',	2,	'2024-07-30 16:35:39.450329',	'2024-07-30 16:35:39.458044',	0,	0),
(333,	'KEUR MASSAR',	'DEPARTEMENT',	2,	'2024-07-30 16:35:39.450329',	'2024-07-30 16:35:39.458044',	0,	0),
(338,	'BIGNONA',	'DEPARTEMENT',	32,	'2024-07-30 16:35:39.450329',	'2024-07-30 16:35:39.458044',	0,	0),
(409,	'ZIGUINCHOR',	'DEPARTEMENT',	32,	'2024-07-30 16:35:39.450329',	'2024-07-30 16:35:39.458044',	0,	0),
(425,	'OUSSOUYE',	'DEPARTEMENT',	32,	'2024-07-30 16:35:39.450329',	'2024-07-30 16:35:39.458044',	0,	0),
(429,	'BAMBEY',	'DEPARTEMENT',	75,	'2024-07-30 16:35:39.450329',	'2024-07-30 16:35:39.458044',	0,	0),
(431,	'DIOURBEL',	'DEPARTEMENT',	75,	'2024-07-30 16:35:39.450329',	'2024-07-30 16:35:39.458044',	0,	0),
(437,	'M’BACKE',	'DEPARTEMENT',	75,	'2024-07-30 16:35:39.450329',	'2024-07-30 16:35:39.458044',	0,	0),
(20812,	'DAGANA',	'DEPARTEMENT',	77,	'2024-07-30 16:35:39.450329',	'2024-07-30 16:35:39.458044',	0,	0),
(20814,	'PODOR',	'DEPARTEMENT',	77,	'2024-07-30 16:35:39.450329',	'2024-07-30 16:35:39.458044',	0,	0),
(20815,	'SAINT LOUIS',	'DEPARTEMENT',	77,	'2024-07-30 16:35:39.450329',	'2024-07-30 16:35:39.458044',	0,	0),
(20827,	'BAKEL',	'DEPARTEMENT',	79,	'2024-07-30 16:35:39.450329',	'2024-07-30 16:35:39.458044',	0,	0),
(20831,	'TAMBACOUNDA',	'DEPARTEMENT',	79,	'2024-07-30 16:35:39.450329',	'2024-07-30 16:35:39.458044',	0,	0),
(53870,	'GOUDIRY',	'DEPARTEMENT',	79,	'2024-07-30 16:35:39.450329',	'2024-07-30 16:35:39.458044',	0,	0),
(53878,	'KOUPENTOUM',	'DEPARTEMENT',	79,	'2024-07-30 16:35:39.450329',	'2024-07-30 16:35:39.458044',	0,	0),
(54973,	'KAOLACK',	'DEPARTEMENT',	81,	'2024-07-30 16:35:39.450329',	'2024-07-30 16:35:39.458044',	0,	0),
(54975,	'NIORO',	'DEPARTEMENT',	81,	'2024-07-30 16:35:39.450329',	'2024-07-30 16:35:39.458044',	0,	0),
(54985,	'GUINGUINEO',	'DEPARTEMENT',	81,	'2024-07-30 16:35:39.450329',	'2024-07-30 16:35:39.458044',	0,	0),
(55006,	'M’BOUR',	'DEPARTEMENT',	87,	'2024-07-30 16:35:39.450329',	'2024-07-30 16:35:39.458044',	0,	0),
(55012,	'THIES',	'DEPARTEMENT',	87,	'2024-07-30 16:35:39.450329',	'2024-07-30 16:35:39.458044',	0,	0),
(55044,	'TIVAOUANE',	'DEPARTEMENT',	87,	'2024-07-30 16:35:39.450329',	'2024-07-30 16:35:39.458044',	0,	0),
(55046,	'KEBEMER',	'DEPARTEMENT',	90,	'2024-07-30 16:35:39.450329',	'2024-07-30 16:35:39.458044',	0,	0),
(55047,	'LINGUERE',	'DEPARTEMENT',	90,	'2024-07-30 16:35:39.450329',	'2024-07-30 16:35:39.458044',	0,	0),
(55050,	'LOUGA',	'DEPARTEMENT',	90,	'2024-07-30 16:35:39.450329',	'2024-07-30 16:35:39.458044',	0,	0),
(55051,	'FATICK',	'DEPARTEMENT',	96,	'2024-07-30 16:35:39.450329',	'2024-07-30 16:35:39.458044',	0,	0),
(55052,	'FOUNDIOUGNE',	'DEPARTEMENT',	96,	'2024-07-30 16:35:39.450329',	'2024-07-30 16:35:39.458044',	0,	0),
(55053,	'GOSSAS',	'DEPARTEMENT',	96,	'2024-07-30 16:35:39.450329',	'2024-07-30 16:35:39.458044',	0,	0),
(55090,	'KOLDA',	'DEPARTEMENT',	103,	'2024-07-30 16:35:39.450329',	'2024-07-30 16:35:39.458044',	0,	0),
(55093,	'VELINGARA',	'DEPARTEMENT',	103,	'2024-07-30 16:35:39.450329',	'2024-07-30 16:35:39.458044',	0,	0),
(55095,	'MEDINA YORO FOULAH',	'DEPARTEMENT',	103,	'2024-07-30 16:35:39.450329',	'2024-07-30 16:35:39.458044',	0,	0),
(55098,	'MATAM',	'DEPARTEMENT',	146,	'2024-07-30 16:35:39.450329',	'2024-07-30 16:35:39.458044',	0,	0),
(55099,	'KANEL',	'DEPARTEMENT',	146,	'2024-07-30 16:35:39.450329',	'2024-07-30 16:35:39.458044',	0,	0),
(59449,	'RANEROU',	'DEPARTEMENT',	146,	'2024-07-30 16:35:39.450329',	'2024-07-30 16:35:39.458044',	0,	0),
(59450,	'KAFFRINE',	'DEPARTEMENT',	212,	'2024-07-30 16:35:39.450329',	'2024-07-30 16:35:39.458044',	0,	0),
(59459,	'KOUNGHEUL',	'DEPARTEMENT',	212,	'2024-07-30 16:35:39.450329',	'2024-07-30 16:35:39.458044',	0,	0),
(59461,	'BIRKELANE',	'DEPARTEMENT',	212,	'2024-07-30 16:35:39.450329',	'2024-07-30 16:35:39.458044',	0,	0),
(59468,	'MALEM HODDAR',	'DEPARTEMENT',	212,	'2024-07-30 16:35:39.450329',	'2024-07-30 16:35:39.458044',	0,	0),
(59541,	'KEDOUGOU',	'DEPARTEMENT',	213,	'2024-07-30 16:35:39.450329',	'2024-07-30 16:35:39.458044',	0,	0),
(59542,	'SALEMATA',	'DEPARTEMENT',	213,	'2024-07-30 16:35:39.450329',	'2024-07-30 16:35:39.458044',	0,	0),
(59547,	'SARAYA',	'DEPARTEMENT',	213,	'2024-07-30 16:35:39.450329',	'2024-07-30 16:35:39.458044',	0,	0),
(59550,	'SEDHIOU',	'DEPARTEMENT',	215,	'2024-07-30 16:35:39.450329',	'2024-07-30 16:35:39.458044',	0,	0),
(59553,	'BOUNKILING',	'DEPARTEMENT',	215,	'2024-07-30 16:35:39.450329',	'2024-07-30 16:35:39.458044',	0,	0),
(59571,	'GOUDOMP',	'DEPARTEMENT',	215,	'2024-07-30 16:35:39.450329',	'2024-07-30 16:35:39.458044',	0,	0),
(59572,	'GRAND DAKAR',	'ARRONDISSEMENT',	223,	'2024-07-30 16:35:39.450329',	'2024-07-30 16:35:39.458044',	0,	0),
(59575,	'DAKAR-PLATEAU',	'ARRONDISSEMENT',	223,	'2024-07-30 16:35:39.450329',	'2024-07-30 16:35:39.458044',	0,	0),
(59579,	'ALMADIES',	'ARRONDISSEMENT',	223,	'2024-07-30 16:35:39.450329',	'2024-07-30 16:35:39.458044',	0,	0),
(59585,	'PARCELLES ASSAINIES',	'ARRONDISSEMENT',	223,	'2024-07-30 16:35:39.450329',	'2024-07-30 16:35:39.458044',	0,	0),
(59587,	'PIKINE DAGOUDANE',	'ARRONDISSEMENT',	233,	'2024-07-30 16:35:39.450329',	'2024-07-30 16:35:39.458044',	0,	0),
(59606,	'THIAROYE',	'ARRONDISSEMENT',	233,	'2024-07-30 16:35:39.450329',	'2024-07-30 16:35:39.458044',	0,	0),
(59608,	'DIAMNIADIO',	'ARRONDISSEMENT',	266,	'2024-07-30 16:35:39.450329',	'2024-07-30 16:35:39.458044',	0,	0),
(59615,	'RUFISQUE',	'ARRONDISSEMENT',	266,	'2024-07-30 16:35:39.450329',	'2024-07-30 16:35:39.458044',	0,	0),
(59622,	'RUFISQUE EST',	'ARRONDISSEMENT',	266,	'2024-07-30 16:35:39.450329',	'2024-07-30 16:35:39.458044',	0,	0),
(59631,	'SANGALKAM',	'ARRONDISSEMENT',	266,	'2024-07-30 16:35:39.450329',	'2024-07-30 16:35:39.458044',	0,	0),
(59647,	'WAKHINANE NIMZATH',	'ARRONDISSEMENT',	267,	'2024-07-30 16:35:39.450329',	'2024-07-30 16:35:39.458044',	0,	0),
(59650,	'YEUMBEUL',	'ARRONDISSEMENT',	333,	'2024-07-30 16:35:39.450329',	'2024-07-30 16:35:39.458044',	0,	0),
(59680,	'SAM NOTAIRE',	'ARRONDISSEMENT',	267,	'2024-07-30 16:35:39.450329',	'2024-07-30 16:35:39.458044',	0,	0),
(59682,	'SINDIAN',	'ARRONDISSEMENT',	338,	'2024-07-30 16:35:39.450329',	'2024-07-30 16:35:39.458044',	0,	0),
(59689,	'JAXAAY',	'ARRONDISSEMENT',	333,	'2024-07-30 16:35:39.450329',	'2024-07-30 16:35:39.458044',	0,	0),
(59691,	'BIGNONA',	'ARRONDISSEMENT',	338,	'2024-07-30 16:35:39.450329',	'2024-07-30 16:35:39.458044',	0,	0),
(59696,	'TENDOUCK',	'ARRONDISSEMENT',	338,	'2024-07-30 16:35:39.450329',	'2024-07-30 16:35:39.458044',	0,	0),
(59700,	'TENGHORY',	'ARRONDISSEMENT',	338,	'2024-07-30 16:35:39.450329',	'2024-07-30 16:35:39.458044',	0,	0),
(59707,	'KATABA 1',	'ARRONDISSEMENT',	338,	'2024-07-30 16:35:39.450329',	'2024-07-30 16:35:39.458044',	0,	0),
(59711,	'CABROUSSE',	'ARRONDISSEMENT',	425,	'2024-07-30 16:35:39.450329',	'2024-07-30 16:35:39.458044',	0,	0),
(59712,	'MALIKA',	'ARRONDISSEMENT',	333,	'2024-07-30 16:35:39.450329',	'2024-07-30 16:35:39.458044',	0,	0),
(59715,	'NIAGUIS',	'ARRONDISSEMENT',	409,	'2024-07-30 16:35:39.450329',	'2024-07-30 16:35:39.458044',	0,	0),
(59716,	'OUSSOUYE',	'ARRONDISSEMENT',	425,	'2024-07-30 16:35:39.450329',	'2024-07-30 16:35:39.458044',	0,	0),
(59721,	'LOUDIA OUOLOFF',	'ARRONDISSEMENT',	425,	'2024-07-30 16:35:39.450329',	'2024-07-30 16:35:39.458044',	0,	0),
(59726,	'BABA GARAGE',	'ARRONDISSEMENT',	429,	'2024-07-30 16:35:39.450329',	'2024-07-30 16:35:39.458044',	0,	0),
(59729,	'LAMBAYE',	'ARRONDISSEMENT',	429,	'2024-07-30 16:35:39.450329',	'2024-07-30 16:35:39.458044',	0,	0),
(59731,	'NIASSIA',	'ARRONDISSEMENT',	409,	'2024-07-30 16:35:39.450329',	'2024-07-30 16:35:39.458044',	0,	0),
(59733,	'NGOYE',	'ARRONDISSEMENT',	429,	'2024-07-30 16:35:39.450329',	'2024-07-30 16:35:39.458044',	0,	0),
(59734,	'ZIGUINCHOR',	'ARRONDISSEMENT',	409,	'2024-07-30 16:35:39.450329',	'2024-07-30 16:35:39.458044',	0,	0),
(59735,	'NDINDY',	'ARRONDISSEMENT',	431,	'2024-07-30 16:35:39.450329',	'2024-07-30 16:35:39.458044',	0,	0),
(59736,	'BAMBEY',	'ARRONDISSEMENT',	429,	'2024-07-30 16:35:39.450329',	'2024-07-30 16:35:39.458044',	0,	0),
(59737,	'NDOULO',	'ARRONDISSEMENT',	431,	'2024-07-30 16:35:39.450329',	'2024-07-30 16:35:39.458044',	0,	0),
(59738,	'M’BACKE',	'ARRONDISSEMENT',	437,	'2024-07-30 16:35:39.450329',	'2024-07-30 16:35:39.458044',	0,	0),
(59746,	'KAEL',	'ARRONDISSEMENT',	437,	'2024-07-30 16:35:39.450329',	'2024-07-30 16:35:39.458044',	0,	0),
(59747,	'TAÏF',	'ARRONDISSEMENT',	437,	'2024-07-30 16:35:39.450329',	'2024-07-30 16:35:39.458044',	0,	0),
(59750,	'NDAME',	'ARRONDISSEMENT',	437,	'2024-07-30 16:35:39.450329',	'2024-07-30 16:35:39.458044',	0,	0),
(59771,	'NDIAYE',	'ARRONDISSEMENT',	20812,	'2024-07-30 16:35:39.450329',	'2024-07-30 16:35:39.458044',	0,	0),
(59775,	'MBANE',	'ARRONDISSEMENT',	20812,	'2024-07-30 16:35:39.450329',	'2024-07-30 16:35:39.458044',	0,	0),
(59781,	'DAGANA',	'ARRONDISSEMENT',	20812,	'2024-07-30 16:35:39.450329',	'2024-07-30 16:35:39.458044',	0,	0),
(59795,	'CAS-CAS',	'ARRONDISSEMENT',	20814,	'2024-07-30 16:35:39.450329',	'2024-07-30 16:35:39.458044',	0,	0),
(59802,	'PODOR',	'ARRONDISSEMENT',	20814,	'2024-07-30 16:35:39.450329',	'2024-07-30 16:35:39.458044',	0,	0),
(59805,	'THILLÉ BOUBACAR',	'ARRONDISSEMENT',	20814,	'2024-07-30 16:35:39.450329',	'2024-07-30 16:35:39.458044',	0,	0),
(59811,	'GAMADJI SARÉ',	'ARRONDISSEMENT',	20814,	'2024-07-30 16:35:39.450329',	'2024-07-30 16:35:39.458044',	0,	0),
(59818,	'SALDÉ',	'ARRONDISSEMENT',	20814,	'2024-07-30 16:35:39.450329',	'2024-07-30 16:35:39.458044',	0,	0),
(59821,	'RAO',	'ARRONDISSEMENT',	20815,	'2024-07-30 16:35:39.450329',	'2024-07-30 16:35:39.458044',	0,	0),
(59824,	'KÉNIÉBA',	'ARRONDISSEMENT',	20827,	'2024-07-30 16:35:39.450329',	'2024-07-30 16:35:39.458044',	0,	0),
(59826,	'BÉLÉ',	'ARRONDISSEMENT',	20827,	'2024-07-30 16:35:39.450329',	'2024-07-30 16:35:39.458044',	0,	0),
(59829,	'MOUDERY',	'ARRONDISSEMENT',	20827,	'2024-07-30 16:35:39.450329',	'2024-07-30 16:35:39.458044',	0,	0),
(59878,	'BAKEL',	'ARRONDISSEMENT',	20827,	'2024-07-30 16:35:39.450329',	'2024-07-30 16:35:39.458044',	0,	0),
(59883,	'MISSIRAH',	'ARRONDISSEMENT',	20831,	'2024-07-30 16:35:39.450329',	'2024-07-30 16:35:39.458044',	0,	0),
(60051,	'BALA',	'ARRONDISSEMENT',	53870,	'2024-07-30 16:35:39.450329',	'2024-07-30 16:35:39.458044',	0,	0),
(60053,	'MAKACOULIBANTANG',	'ARRONDISSEMENT',	20831,	'2024-07-30 16:35:39.450329',	'2024-07-30 16:35:39.458044',	0,	0),
(60058,	'TAMBACOUNDA',	'ARRONDISSEMENT',	20831,	'2024-07-30 16:35:39.450329',	'2024-07-30 16:35:39.458044',	0,	0),
(60061,	'GOUDIRY',	'ARRONDISSEMENT',	53870,	'2024-07-30 16:35:39.450329',	'2024-07-30 16:35:39.458044',	0,	0),
(60064,	'KOUSSANAR',	'ARRONDISSEMENT',	20831,	'2024-07-30 16:35:39.450329',	'2024-07-30 16:35:39.458044',	0,	0),
(60068,	'BOYNGUEL BAMBA',	'ARRONDISSEMENT',	53870,	'2024-07-30 16:35:39.450329',	'2024-07-30 16:35:39.458044',	0,	0),
(60070,	'DIANKÉ MAKHA',	'ARRONDISSEMENT',	53870,	'2024-07-30 16:35:39.450329',	'2024-07-30 16:35:39.458044',	0,	0),
(60074,	'KOULOR',	'ARRONDISSEMENT',	53870,	'2024-07-30 16:35:39.450329',	'2024-07-30 16:35:39.458044',	0,	0),
(60086,	'KOUPENTOUM',	'ARRONDISSEMENT',	53878,	'2024-07-30 16:35:39.450329',	'2024-07-30 16:35:39.458044',	0,	0),
(60090,	'BAMBA THIALÈNE',	'ARRONDISSEMENT',	53878,	'2024-07-30 16:35:39.450329',	'2024-07-30 16:35:39.458044',	0,	0),
(60096,	'KAOLACK',	'ARRONDISSEMENT',	54973,	'2024-07-30 16:35:39.450329',	'2024-07-30 16:35:39.458044',	0,	0),
(60097,	'KOUTHIABA WOLOF',	'ARRONDISSEMENT',	53878,	'2024-07-30 16:35:39.450329',	'2024-07-30 16:35:39.458044',	0,	0),
(60101,	'NDIÉDIENG',	'ARRONDISSEMENT',	54973,	'2024-07-30 16:35:39.450329',	'2024-07-30 16:35:39.458044',	0,	0),
(60104,	'NGOTHIE',	'ARRONDISSEMENT',	54973,	'2024-07-30 16:35:39.450329',	'2024-07-30 16:35:39.458044',	0,	0),
(60105,	'NIORO',	'ARRONDISSEMENT',	54975,	'2024-07-30 16:35:39.450329',	'2024-07-30 16:35:39.458044',	0,	0),
(60106,	'KOUMBAL',	'ARRONDISSEMENT',	54973,	'2024-07-30 16:35:39.450329',	'2024-07-30 16:35:39.458044',	0,	0),
(60110,	'MÉDINA SABAKH',	'ARRONDISSEMENT',	54975,	'2024-07-30 16:35:39.450329',	'2024-07-30 16:35:39.458044',	0,	0),
(60115,	'PAOSCOTO',	'ARRONDISSEMENT',	54975,	'2024-07-30 16:35:39.450329',	'2024-07-30 16:35:39.458044',	0,	0),
(60120,	'WACK NGOUNA',	'ARRONDISSEMENT',	54975,	'2024-07-30 16:35:39.450329',	'2024-07-30 16:35:39.458044',	0,	0),
(60160,	'MBADAKHOUNE',	'ARRONDISSEMENT',	54985,	'2024-07-30 16:35:39.450329',	'2024-07-30 16:35:39.458044',	0,	0),
(60164,	'NGUÉLOU',	'ARRONDISSEMENT',	54985,	'2024-07-30 16:35:39.450329',	'2024-07-30 16:35:39.458044',	0,	0),
(60330,	'M’BOUR',	'ARRONDISSEMENT',	55006,	'2024-07-30 16:35:39.450329',	'2024-07-30 16:35:39.458044',	0,	0),
(60333,	'GUINGUINEO',	'ARRONDISSEMENT',	54985,	'2024-07-30 16:35:39.450329',	'2024-07-30 16:35:39.458044',	0,	0),
(60338,	'SINDIA ',	'ARRONDISSEMENT',	55006,	'2024-07-30 16:35:39.450329',	'2024-07-30 16:35:39.458044',	0,	0),
(60341,	'SÉSSÈNE',	'ARRONDISSEMENT',	55006,	'2024-07-30 16:35:39.450329',	'2024-07-30 16:35:39.458044',	0,	0),
(60345,	'FISSEL',	'ARRONDISSEMENT',	55006,	'2024-07-30 16:35:39.450329',	'2024-07-30 16:35:39.458044',	0,	0),
(60347,	'THIES',	'ARRONDISSEMENT',	55012,	'2024-07-30 16:35:39.450329',	'2024-07-30 16:35:39.458044',	0,	0),
(60348,	'THIÉNÉBA',	'ARRONDISSEMENT',	55012,	'2024-07-30 16:35:39.450329',	'2024-07-30 16:35:39.458044',	0,	0),
(60375,	'KEUR MOUSSA',	'ARRONDISSEMENT',	55012,	'2024-07-30 16:35:39.450329',	'2024-07-30 16:35:39.458044',	0,	0),
(60381,	'NOTTO',	'ARRONDISSEMENT',	55012,	'2024-07-30 16:35:39.450329',	'2024-07-30 16:35:39.458044',	0,	0),
(60385,	'THIÈS SUD',	'ARRONDISSEMENT',	55012,	'2024-07-30 16:35:39.450329',	'2024-07-30 16:35:39.458044',	0,	0),
(60394,	'THIÈS NORD',	'ARRONDISSEMENT',	55012,	'2024-07-30 16:35:39.450329',	'2024-07-30 16:35:39.458044',	0,	0),
(60464,	'MÉOUNE',	'ARRONDISSEMENT',	55044,	'2024-07-30 16:35:39.450329',	'2024-07-30 16:35:39.458044',	0,	0),
(60472,	'MÉRINA DAKHAR',	'ARRONDISSEMENT',	55044,	'2024-07-30 16:35:39.450329',	'2024-07-30 16:35:39.458044',	0,	0),
(60480,	'TIVAOUANE',	'ARRONDISSEMENT',	55044,	'2024-07-30 16:35:39.450329',	'2024-07-30 16:35:39.458044',	0,	0),
(60483,	'KEBEMER',	'ARRONDISSEMENT',	55046,	'2024-07-30 16:35:39.450329',	'2024-07-30 16:35:39.458044',	0,	0),
(60489,	'NIAKHÈNE',	'ARRONDISSEMENT',	55044,	'2024-07-30 16:35:39.450329',	'2024-07-30 16:35:39.458044',	0,	0),
(60493,	'DAROU MOUSTY',	'ARRONDISSEMENT',	55046,	'2024-07-30 16:35:39.450329',	'2024-07-30 16:35:39.458044',	0,	0),
(60500,	'PAMBAL',	'ARRONDISSEMENT',	55044,	'2024-07-30 16:35:39.450329',	'2024-07-30 16:35:39.458044',	0,	0),
(60504,	'NDANDE',	'ARRONDISSEMENT',	55046,	'2024-07-30 16:35:39.450329',	'2024-07-30 16:35:39.458044',	0,	0),
(60505,	'SAGATTA',	'ARRONDISSEMENT',	55046,	'2024-07-30 16:35:39.450329',	'2024-07-30 16:35:39.458044',	0,	0),
(60530,	'BARKÉDJI',	'ARRONDISSEMENT',	55047,	'2024-07-30 16:35:39.450329',	'2024-07-30 16:35:39.458044',	0,	0),
(60535,	'DODJI',	'ARRONDISSEMENT',	55047,	'2024-07-30 16:35:39.450329',	'2024-07-30 16:35:39.458044',	0,	0),
(60541,	'YANG YANG',	'ARRONDISSEMENT',	55047,	'2024-07-30 16:35:39.450329',	'2024-07-30 16:35:39.458044',	0,	0),
(60544,	'LINGUERE',	'ARRONDISSEMENT',	55047,	'2024-07-30 16:35:39.450329',	'2024-07-30 16:35:39.458044',	0,	0),
(60549,	'SAGATTA DIOLOFF',	'ARRONDISSEMENT',	55047,	'2024-07-30 16:35:39.450329',	'2024-07-30 16:35:39.458044',	0,	0),
(60555,	'LOUGA',	'ARRONDISSEMENT',	55050,	'2024-07-30 16:35:39.450329',	'2024-07-30 16:35:39.458044',	0,	0),
(60566,	'KEUR MOMAR SARR',	'ARRONDISSEMENT',	55050,	'2024-07-30 16:35:39.450329',	'2024-07-30 16:35:39.458044',	0,	0),
(60567,	'MBÉDIÈNE',	'ARRONDISSEMENT',	55050,	'2024-07-30 16:35:39.450329',	'2024-07-30 16:35:39.458044',	0,	0),
(60577,	'COKI',	'ARRONDISSEMENT',	55050,	'2024-07-30 16:35:39.450329',	'2024-07-30 16:35:39.458044',	0,	0),
(60580,	'SAKAL',	'ARRONDISSEMENT',	55050,	'2024-07-30 16:35:39.450329',	'2024-07-30 16:35:39.458044',	0,	0),
(60585,	'FATICK',	'ARRONDISSEMENT',	55051,	'2024-07-30 16:35:39.450329',	'2024-07-30 16:35:39.458044',	0,	0),
(60592,	'NDIOP',	'ARRONDISSEMENT',	55051,	'2024-07-30 16:35:39.450329',	'2024-07-30 16:35:39.458044',	0,	0),
(60594,	'FIMELA',	'ARRONDISSEMENT',	55051,	'2024-07-30 16:35:39.450329',	'2024-07-30 16:35:39.458044',	0,	0),
(60599,	'NIAKHAR',	'ARRONDISSEMENT',	55051,	'2024-07-30 16:35:39.450329',	'2024-07-30 16:35:39.458044',	0,	0),
(60675,	'TATTAGUINE',	'ARRONDISSEMENT',	55051,	'2024-07-30 16:35:39.450329',	'2024-07-30 16:35:39.458044',	0,	0),
(60688,	'DJILOR',	'ARRONDISSEMENT',	55052,	'2024-07-30 16:35:39.450329',	'2024-07-30 16:35:39.458044',	0,	0),
(60695,	'NIODIOR',	'ARRONDISSEMENT',	55052,	'2024-07-30 16:35:39.450329',	'2024-07-30 16:35:39.458044',	0,	0),
(60702,	'TOUBACOUTA',	'ARRONDISSEMENT',	55052,	'2024-07-30 16:35:39.450329',	'2024-07-30 16:35:39.458044',	0,	0),
(60949,	'FOUNDIOUGNE',	'ARRONDISSEMENT',	55052,	'2024-07-30 16:35:39.450329',	'2024-07-30 16:35:39.458044',	0,	0),
(60952,	'COLOBANE',	'ARRONDISSEMENT',	55053,	'2024-07-30 16:35:39.450329',	'2024-07-30 16:35:39.458044',	0,	0),
(60958,	'DIOULACOLON',	'ARRONDISSEMENT',	55090,	'2024-07-30 16:35:39.450329',	'2024-07-30 16:35:39.458044',	0,	0),
(60962,	'GOSSAS',	'ARRONDISSEMENT',	55053,	'2024-07-30 16:35:39.450329',	'2024-07-30 16:35:39.458044',	0,	0),
(60963,	'SARÉ BIDJI',	'ARRONDISSEMENT',	55090,	'2024-07-30 16:35:39.450329',	'2024-07-30 16:35:39.458044',	0,	0),
(60965,	'KOLDA',	'ARRONDISSEMENT',	55090,	'2024-07-30 16:35:39.450329',	'2024-07-30 16:35:39.458044',	0,	0),
(60983,	'MAMPATIM',	'ARRONDISSEMENT',	55090,	'2024-07-30 16:35:39.450329',	'2024-07-30 16:35:39.458044',	0,	0),
(60985,	'BONCONTO',	'ARRONDISSEMENT',	55093,	'2024-07-30 16:35:39.450329',	'2024-07-30 16:35:39.458044',	0,	0),
(60988,	'PAKOUR',	'ARRONDISSEMENT',	55093,	'2024-07-30 16:35:39.450329',	'2024-07-30 16:35:39.458044',	0,	0),
(60992,	'VELINGARA',	'ARRONDISSEMENT',	55093,	'2024-07-30 16:35:39.450329',	'2024-07-30 16:35:39.458044',	0,	0),
(61000,	'SARÉ COLY SALLÉ',	'ARRONDISSEMENT',	55093,	'2024-07-30 16:35:39.450329',	'2024-07-30 16:35:39.458044',	0,	0),
(61006,	'NIAMING',	'ARRONDISSEMENT',	55095,	'2024-07-30 16:35:39.450329',	'2024-07-30 16:35:39.458044',	0,	0),
(61012,	'NDORNA',	'ARRONDISSEMENT',	55095,	'2024-07-30 16:35:39.450329',	'2024-07-30 16:35:39.458044',	0,	0),
(61018,	'MEDINA YORO FOULAH',	'ARRONDISSEMENT',	55095,	'2024-07-30 16:35:39.450329',	'2024-07-30 16:35:39.458044',	0,	0),
(61022,	'FAFACOUROU',	'ARRONDISSEMENT',	55095,	'2024-07-30 16:35:39.450329',	'2024-07-30 16:35:39.458044',	0,	0),
(61027,	'AGNAM CIVOL',	'ARRONDISSEMENT',	55098,	'2024-07-30 16:35:39.450329',	'2024-07-30 16:35:39.458044',	0,	0),
(61034,	'MATAM',	'ARRONDISSEMENT',	55098,	'2024-07-30 16:35:39.450329',	'2024-07-30 16:35:39.458044',	0,	0),
(61040,	'OGO',	'ARRONDISSEMENT',	55098,	'2024-07-30 16:35:39.450329',	'2024-07-30 16:35:39.458044',	0,	0),
(61051,	'ORKADIÉRÉ',	'ARRONDISSEMENT',	55099,	'2024-07-30 16:35:39.450329',	'2024-07-30 16:35:39.458044',	0,	0),
(61052,	'KANEL',	'ARRONDISSEMENT',	55099,	'2024-07-30 16:35:39.450329',	'2024-07-30 16:35:39.458044',	0,	0),
(61059,	'WOUROU SIDY',	'ARRONDISSEMENT',	55099,	'2024-07-30 16:35:39.450329',	'2024-07-30 16:35:39.458044',	0,	0),
(61065,	'VÉLINGARA',	'ARRONDISSEMENT',	59449,	'2024-07-30 16:35:39.450329',	'2024-07-30 16:35:39.458044',	0,	0),
(61071,	'KATABEL',	'ARRONDISSEMENT',	59450,	'2024-07-30 16:35:39.450329',	'2024-07-30 16:35:39.458044',	0,	0),
(61072,	'RANEROU',	'ARRONDISSEMENT',	59449,	'2024-07-30 16:35:39.450329',	'2024-07-30 16:35:39.458044',	0,	0),
(61073,	'KAFFRINE',	'ARRONDISSEMENT',	59450,	'2024-07-30 16:35:39.450329',	'2024-07-30 16:35:39.458044',	0,	0),
(61075,	'IDA MOURIDE',	'ARRONDISSEMENT',	59459,	'2024-07-30 16:35:39.450329',	'2024-07-30 16:35:39.458044',	0,	0),
(61128,	'MABO',	'ARRONDISSEMENT',	59461,	'2024-07-30 16:35:39.450329',	'2024-07-30 16:35:39.458044',	0,	0),
(61154,	'LOUR ESCALE',	'ARRONDISSEMENT',	59459,	'2024-07-30 16:35:39.450329',	'2024-07-30 16:35:39.458044',	0,	0),
(61156,	'KEUR MBOUCKI',	'ARRONDISSEMENT',	59461,	'2024-07-30 16:35:39.450329',	'2024-07-30 16:35:39.458044',	0,	0),
(61161,	'BIRKELANE',	'ARRONDISSEMENT',	59461,	'2024-07-30 16:35:39.450329',	'2024-07-30 16:35:39.458044',	0,	0),
(61164,	'DAROU MINAM 2',	'ARRONDISSEMENT',	59468,	'2024-07-30 16:35:39.450329',	'2024-07-30 16:35:39.458044',	0,	0),
(61165,	'MISSIRA WADÈNE',	'ARRONDISSEMENT',	59459,	'2024-07-30 16:35:39.450329',	'2024-07-30 16:35:39.458044',	0,	0),
(61169,	'MALEM HODDAR',	'ARRONDISSEMENT',	59468,	'2024-07-30 16:35:39.450329',	'2024-07-30 16:35:39.458044',	0,	0),
(61170,	'KOUNGHEUL',	'ARRONDISSEMENT',	59459,	'2024-07-30 16:35:39.450329',	'2024-07-30 16:35:39.458044',	0,	0),
(61172,	'SAGNA',	'ARRONDISSEMENT',	59468,	'2024-07-30 16:35:39.450329',	'2024-07-30 16:35:39.458044',	0,	0),
(61203,	'BANDAFASSI',	'ARRONDISSEMENT',	59541,	'2024-07-30 16:35:39.450329',	'2024-07-30 16:35:39.458044',	0,	0),
(61211,	'KEDOUGOU',	'ARRONDISSEMENT',	59541,	'2024-07-30 16:35:39.450329',	'2024-07-30 16:35:39.458044',	0,	0),
(61219,	'FONGOLEMBI',	'ARRONDISSEMENT',	59541,	'2024-07-30 16:35:39.450329',	'2024-07-30 16:35:39.458044',	0,	0),
(61242,	'BEMBOU',	'ARRONDISSEMENT',	59547,	'2024-07-30 16:35:39.450329',	'2024-07-30 16:35:39.458044',	0,	0),
(61248,	'FONGOLEMBI',	'ARRONDISSEMENT',	59542,	'2024-07-30 16:35:39.450329',	'2024-07-30 16:35:39.458044',	0,	0),
(61254,	'SABODALA',	'ARRONDISSEMENT',	59547,	'2024-07-30 16:35:39.450329',	'2024-07-30 16:35:39.458044',	0,	0),
(61260,	'SARAYA',	'ARRONDISSEMENT',	59547,	'2024-07-30 16:35:39.450329',	'2024-07-30 16:35:39.458044',	0,	0),
(61266,	'DJIBABOUYA',	'ARRONDISSEMENT',	59550,	'2024-07-30 16:35:39.450329',	'2024-07-30 16:35:39.458044',	0,	0),
(61267,	'DIENDÉ',	'ARRONDISSEMENT',	59550,	'2024-07-30 16:35:39.450329',	'2024-07-30 16:35:39.458044',	0,	0),
(61269,	'DAR SALAM',	'ARRONDISSEMENT',	59542,	'2024-07-30 16:35:39.450329',	'2024-07-30 16:35:39.458044',	0,	0),
(61272,	'SEDHIOU',	'ARRONDISSEMENT',	59550,	'2024-07-30 16:35:39.450329',	'2024-07-30 16:35:39.458044',	0,	0),
(61273,	'DJIRÉDJI',	'ARRONDISSEMENT',	59550,	'2024-07-30 16:35:39.450329',	'2024-07-30 16:35:39.458044',	0,	0),
(61339,	'BONA',	'ARRONDISSEMENT',	59553,	'2024-07-30 16:35:39.450329',	'2024-07-30 16:35:39.458044',	0,	0),
(61342,	'BOGHAL',	'ARRONDISSEMENT',	59553,	'2024-07-30 16:35:39.450329',	'2024-07-30 16:35:39.458044',	0,	0),
(61345,	'DIAROUMÉ',	'ARRONDISSEMENT',	59553,	'2024-07-30 16:35:39.450329',	'2024-07-30 16:35:39.458044',	0,	0),
(61352,	'BOUNKILING',	'ARRONDISSEMENT',	59553,	'2024-07-30 16:35:39.450329',	'2024-07-30 16:35:39.458044',	0,	0),
(61398,	'DJIBANAR',	'ARRONDISSEMENT',	59571,	'2024-07-30 16:35:39.450329',	'2024-07-30 16:35:39.458044',	0,	0),
(61400,	'GOUDOMP',	'ARRONDISSEMENT',	59571,	'2024-07-30 16:35:39.450329',	'2024-07-30 16:35:39.458044',	0,	0),
(61402,	'KARANTABA',	'ARRONDISSEMENT',	59571,	'2024-07-30 16:35:39.450329',	'2024-07-30 16:35:39.458044',	0,	0),
(61410,	'SIMBANDI BRASSOU',	'ARRONDISSEMENT',	59571,	'2024-07-30 16:35:39.450329',	'2024-07-30 16:35:39.458044',	0,	0),
(61454,	'GRAND DAKAR',	'COMMUNE',	59572,	'2024-07-30 16:35:39.450329',	'2024-09-07 21:28:22.000000',	14.701051531410915,	-17.45378050688278),
(61461,	'MEDINA',	'COMMUNE',	59575,	'2024-07-30 16:35:39.450329',	'2024-09-07 21:25:05.000000',	14.682985429804102,	-17.450978423995657),
(61469,	'SICAP LIBERTE',	'COMMUNE',	59572,	'2024-07-30 16:35:39.450329',	'2024-09-07 21:30:36.000000',	14.722497431415933,	-17.463247671126013),
(61471,	'GOREE',	'COMMUNE',	59575,	'2024-07-30 16:35:39.450329',	'2024-09-07 21:22:25.000000',	14.668305453520757,	-17.398879043603085),
(61480,	'FANN-POINT E-AMITIE',	'COMMUNE',	59575,	'2024-07-30 16:35:39.450329',	'2024-09-07 19:18:02.000000',	14.693710169965474,	-17.461751472088974),
(61484,	'OUAKAM',	'COMMUNE',	59579,	'2024-07-30 16:35:39.450329',	'2024-09-07 19:14:05.000000',	14.724621730702047,	-17.494367164617387),
(61486,	'DAKAR-PLATEAU',	'COMMUNE',	59575,	'2024-07-30 16:35:39.450329',	'2024-09-07 19:16:35.000000',	14.664623801567858,	-17.437766657731135),
(61490,	'YOFF',	'COMMUNE',	59579,	'2024-07-30 16:35:39.450329',	'2024-09-07 19:15:36.000000',	14.748953203712242,	-17.48986630588537),
(61491,	'GUEULE TAPEE-FASS-COLOBANE',	'COMMUNE',	59575,	'2024-07-30 16:35:39.450329',	'2024-09-07 21:24:25.000000',	14.677872464025523,	-17.458303221413434),
(61493,	'MERMOZ-SACRE COEUR',	'COMMUNE',	59579,	'2024-07-30 16:35:39.450329',	'2024-09-07 19:18:50.000000',	14.704241039934423,	-17.474579561949486),
(61498,	'NGOR',	'COMMUNE',	59579,	'2024-07-30 16:35:39.450329',	'2024-09-07 19:11:47.000000',	14.744442086866488,	-17.51206873294522),
(61499,	'CAMBERENE',	'COMMUNE',	59585,	'2024-07-30 16:35:39.450329',	'2024-09-07 21:31:19.000000',	14.772570478294595,	-17.421806066454153),
(61500,	'PARCELLES ASSAINIES',	'COMMUNE',	59585,	'2024-07-30 16:35:39.450329',	'2024-09-07 21:32:36.000000',	14.762096718850259,	-17.441198917691636),
(61504,	'HLM',	'COMMUNE',	59572,	'2024-07-30 16:35:39.450329',	'2024-09-07 21:29:50.000000',	14.701097505519028,	-17.4454807007176),
(61507,	'GRAND YOFF',	'COMMUNE',	59585,	'2024-07-30 16:35:39.450329',	'2024-09-07 21:32:00.000000',	14.733773525920627,	-17.45628225125938),
(61512,	'PATTE D’OIE',	'COMMUNE',	59585,	'2024-07-30 16:35:39.450329',	'2024-09-07 21:33:13.000000',	14.750344413676032,	-17.439521867790315),
(61514,	'HANN-BEL AIR',	'COMMUNE',	59572,	'2024-07-30 16:35:39.450329',	'2024-09-07 21:29:09.000000',	14.699446054094249,	-17.436925031941247),
(61516,	'PIKINE NORD',	'COMMUNE',	59587,	'2024-07-30 16:35:39.450329',	'2024-07-30 16:35:39.458044',	0,	0),
(61525,	'BISCUITERIE',	'COMMUNE',	59572,	'2024-07-30 16:35:39.450329',	'2024-09-07 21:26:33.000000',	14.712461331071468,	-17.44867993811337),
(61537,	'DIEUPPEUL DERKLE',	'COMMUNE',	59572,	'2024-07-30 16:35:39.450329',	'2024-09-07 21:27:42.000000',	14.725399783543704,	-17.45144853195601),
(61584,	'DALIFORT',	'COMMUNE',	59587,	'2024-07-30 16:35:39.450329',	'2024-07-30 16:35:39.458044',	0,	0),
(61604,	'DJIDAH THIAROYE KAO',	'COMMUNE',	59587,	'2024-07-30 16:35:39.450329',	'2024-07-30 16:35:39.458044',	0,	0),
(66275,	'COM. DIOULOULOU',	'COMMUNE',	59707,	'2024-07-30 16:35:39.450329',	'2024-07-30 16:35:39.458044',	0,	0),
(66327,	'MALIKA',	'COMMUNE',	59712,	'2024-07-30 16:35:39.450329',	'2024-07-30 16:35:39.458044',	0,	0),
(66354,	'DIEMBERING',	'COMMUNE',	59711,	'2024-07-30 16:35:39.450329',	'2024-07-30 16:35:39.458044',	0,	0),
(66357,	'KEUR MASSAR NORD',	'COMMUNE',	59712,	'2024-07-30 16:35:39.450329',	'2024-07-30 16:35:39.458044',	0,	0),
(66363,	'OUKOUT',	'COMMUNE',	59721,	'2024-07-30 16:35:39.450329',	'2024-07-30 16:35:39.458044',	0,	0),
(66364,	'ADEANE',	'COMMUNE',	59715,	'2024-07-30 16:35:39.450329',	'2024-07-30 16:35:39.458044',	0,	0),
(66365,	'DINGUIRAYE',	'COMMUNE',	59726,	'2024-07-30 16:35:39.450329',	'2024-07-30 16:35:39.458044',	0,	0),
(66367,	'SANTHIABA MANJACK',	'COMMUNE',	59711,	'2024-07-30 16:35:39.450329',	'2024-07-30 16:35:39.458044',	0,	0),
(66371,	'LAMBAYE',	'COMMUNE',	59729,	'2024-07-30 16:35:39.450329',	'2024-07-30 16:35:39.458044',	0,	0),
(66372,	'MLOMP',	'COMMUNE',	59721,	'2024-07-30 16:35:39.450329',	'2024-07-30 16:35:39.458044',	0,	0),
(66374,	'BOUTOUPA CAMARACOUNDA',	'COMMUNE',	59715,	'2024-07-30 16:35:39.450329',	'2024-07-30 16:35:39.458044',	0,	0),
(66376,	'BABA GARAGE',	'COMMUNE',	59726,	'2024-07-30 16:35:39.450329',	'2024-07-30 16:35:39.458044',	0,	0),
(66377,	'GAWANE',	'COMMUNE',	59729,	'2024-07-30 16:35:39.450329',	'2024-07-30 16:35:39.458044',	0,	0),
(66382,	'REFANE',	'COMMUNE',	59729,	'2024-07-30 16:35:39.450329',	'2024-07-30 16:35:39.458044',	0,	0),
(66383,	'NIASSIA',	'COMMUNE',	59731,	'2024-07-30 16:35:39.450329',	'2024-07-30 16:35:39.458044',	0,	0),
(66385,	'NGOYE',	'COMMUNE',	59733,	'2024-07-30 16:35:39.450329',	'2024-07-30 16:35:39.458044',	0,	0),
(66388,	'ENAMPORE',	'COMMUNE',	59731,	'2024-07-30 16:35:39.450329',	'2024-07-30 16:35:39.458044',	0,	0),
(66389,	'NGOGOM',	'COMMUNE',	59729,	'2024-07-30 16:35:39.450329',	'2024-07-30 16:35:39.458044',	0,	0),
(66391,	'NDANGALMA',	'COMMUNE',	59733,	'2024-07-30 16:35:39.450329',	'2024-07-30 16:35:39.458044',	0,	0),
(66393,	'NIAGUIS',	'COMMUNE',	59715,	'2024-07-30 16:35:39.450329',	'2024-07-30 16:35:39.458044',	0,	0),
(66395,	'KEUR SAMBA KANE',	'COMMUNE',	59726,	'2024-07-30 16:35:39.450329',	'2024-07-30 16:35:39.458044',	0,	0),
(66397,	'COM. DIOURBEL',	'COMMUNE',	59735,	'2024-07-30 16:35:39.450329',	'2024-07-30 16:35:39.458044',	0,	0),
(66398,	'COM. OUSSOUYE',	'COMMUNE',	59716,	'2024-07-30 16:35:39.450329',	'2024-07-30 16:35:39.458044',	0,	0),
(66401,	'THIAKAR',	'COMMUNE',	59733,	'2024-07-30 16:35:39.450329',	'2024-07-30 16:35:39.458044',	0,	0),
(66404,	'DANKH SENE',	'COMMUNE',	59735,	'2024-07-30 16:35:39.450329',	'2024-07-30 16:35:39.458044',	0,	0),
(66406,	'GADE ESCALE',	'COMMUNE',	59735,	'2024-07-30 16:35:39.450329',	'2024-07-30 16:35:39.458044',	0,	0),
(66414,	'KEUR NGALGOU',	'COMMUNE',	59735,	'2024-07-30 16:35:39.450329',	'2024-07-30 16:35:39.458044',	0,	0),
(66424,	'TAIBA MOUTOUPHA',	'COMMUNE',	59735,	'2024-07-30 16:35:39.450329',	'2024-07-30 16:35:39.458044',	0,	0),
(66441,	'TOUBA LAPPE',	'COMMUNE',	59735,	'2024-07-30 16:35:39.450329',	'2024-07-30 16:35:39.458044',	0,	0),
(66459,	'TOCKY GARE',	'COMMUNE',	59737,	'2024-07-30 16:35:39.450329',	'2024-07-30 16:35:39.458044',	0,	0),
(66465,	'NDONDOL',	'COMMUNE',	59733,	'2024-07-30 16:35:39.450329',	'2024-07-30 16:35:39.458044',	0,	0),
(66466,	'NDINDY',	'COMMUNE',	59735,	'2024-07-30 16:35:39.450329',	'2024-07-30 16:35:39.458044',	0,	0),
(66468,	'TOURE MBONDE',	'COMMUNE',	59737,	'2024-07-30 16:35:39.450329',	'2024-07-30 16:35:39.458044',	0,	0),
(66489,	'COM. M’BACKE',	'COMMUNE',	59738,	'2024-07-30 16:35:39.450329',	'2024-07-30 16:35:39.458044',	0,	0),
(66490,	'NGOHE',	'COMMUNE',	59737,	'2024-07-30 16:35:39.450329',	'2024-07-30 16:35:39.458044',	0,	0),
(66494,	'KAEL',	'COMMUNE',	59746,	'2024-07-30 16:35:39.450329',	'2024-07-30 16:35:39.458044',	0,	0),
(66496,	'PATAR',	'COMMUNE',	59737,	'2024-07-30 16:35:39.450329',	'2024-07-30 16:35:39.458044',	0,	0),
(66499,	'DENDEYE GOUY GUI',	'COMMUNE',	59746,	'2024-07-30 16:35:39.450329',	'2024-07-30 16:35:39.458044',	0,	0),
(66501,	'NDOULO',	'COMMUNE',	59737,	'2024-07-30 16:35:39.450329',	'2024-07-30 16:35:39.458044',	0,	0),
(66503,	'NDIOUMANE',	'COMMUNE',	59746,	'2024-07-30 16:35:39.450329',	'2024-07-30 16:35:39.458044',	0,	0),
(66506,	'COM. BAMBEY',	'COMMUNE',	59736,	'2024-07-30 16:35:39.450329',	'2024-07-30 16:35:39.458044',	0,	0),
(66507,	'COM. ZIGUINCHOR',	'COMMUNE',	59734,	'2024-07-30 16:35:39.450329',	'2024-07-30 16:35:39.458044',	0,	0),
(66509,	'DAROU SALAM  TYP',	'COMMUNE',	59746,	'2024-07-30 16:35:39.450329',	'2024-07-30 16:35:39.458044',	0,	0),
(66574,	'TAIBA TIECKENE',	'COMMUNE',	59746,	'2024-07-30 16:35:39.450329',	'2024-07-30 16:35:39.458044',	0,	0),
(66603,	'DAROU NAHIM',	'COMMUNE',	59746,	'2024-07-30 16:35:39.450329',	'2024-07-30 16:35:39.458044',	0,	0),
(66623,	'MADINA',	'COMMUNE',	59746,	'2024-07-30 16:35:39.450329',	'2024-07-30 16:35:39.458044',	0,	0),
(66632,	'TOUBA MBOUL',	'COMMUNE',	59746,	'2024-07-30 16:35:39.450329',	'2024-07-30 16:35:39.458044',	0,	0),
(66634,	'DIAMA',	'COMMUNE',	59771,	'2024-07-30 16:35:39.450329',	'2024-07-30 16:35:39.458044',	0,	0),
(66653,	'MISSIRAH',	'COMMUNE',	59750,	'2024-07-30 16:35:39.450329',	'2024-07-30 16:35:39.458044',	0,	0),
(66657,	'COM. ROSSO',	'COMMUNE',	59771,	'2024-07-30 16:35:39.450329',	'2024-07-30 16:35:39.458044',	0,	0),
(66666,	'COM. ROSS-BETHIO',	'COMMUNE',	59771,	'2024-07-30 16:35:39.450329',	'2024-07-30 16:35:39.458044',	0,	0),
(66673,	'NGNITH',	'COMMUNE',	59771,	'2024-07-30 16:35:39.450329',	'2024-07-30 16:35:39.458044',	0,	0),
(66679,	'RONKH',	'COMMUNE',	59771,	'2024-07-30 16:35:39.450329',	'2024-07-30 16:35:39.458044',	0,	0),
(66686,	'MBANE',	'COMMUNE',	59775,	'2024-07-30 16:35:39.450329',	'2024-07-30 16:35:39.458044',	0,	0),
(66689,	'TAÏF',	'COMMUNE',	59747,	'2024-07-30 16:35:39.450329',	'2024-07-30 16:35:39.458044',	0,	0),
(66691,	'TOUBA FALL',	'COMMUNE',	59750,	'2024-07-30 16:35:39.450329',	'2024-07-30 16:35:39.458044',	0,	0),
(66694,	'COM. GAE',	'COMMUNE',	59775,	'2024-07-30 16:35:39.450329',	'2024-07-30 16:35:39.458044',	0,	0),
(66695,	'BOKHOL',	'COMMUNE',	59775,	'2024-07-30 16:35:39.450329',	'2024-07-30 16:35:39.458044',	0,	0),
(66696,	'NGHAYE',	'COMMUNE',	59750,	'2024-07-30 16:35:39.450329',	'2024-07-30 16:35:39.458044',	0,	0),
(66702,	'COM. NDOMBO SANDJIRY',	'COMMUNE',	59775,	'2024-07-30 16:35:39.450329',	'2024-07-30 16:35:39.458044',	0,	0),
(66704,	'DALLA NGABOU',	'COMMUNE',	59750,	'2024-07-30 16:35:39.450329',	'2024-07-30 16:35:39.458044',	0,	0),
(66707,	'COM. RICHARD TOLL',	'COMMUNE',	59781,	'2024-07-30 16:35:39.450329',	'2024-07-30 16:35:39.458044',	0,	0),
(66711,	'TOUBA MOSQUEE',	'COMMUNE',	59750,	'2024-07-30 16:35:39.450329',	'2024-07-30 16:35:39.458044',	0,	0),
(66712,	'DOUMGA LAO',	'COMMUNE',	59795,	'2024-07-30 16:35:39.450329',	'2024-07-30 16:35:39.458044',	0,	0),
(66722,	'SADIO',	'COMMUNE',	59747,	'2024-07-30 16:35:39.450329',	'2024-07-30 16:35:39.458044',	0,	0),
(66723,	'COM. DAGANA',	'COMMUNE',	59781,	'2024-07-30 16:35:39.450329',	'2024-07-30 16:35:39.458044',	0,	0),
(66724,	'COM. AERE LAO',	'COMMUNE',	59795,	'2024-07-30 16:35:39.450329',	'2024-07-30 16:35:39.458044',	0,	0),
(66731,	'MERY',	'COMMUNE',	59795,	'2024-07-30 16:35:39.450329',	'2024-07-30 16:35:39.458044',	0,	0),
(66758,	'MADINA NDIATHBE',	'COMMUNE',	59795,	'2024-07-30 16:35:39.450329',	'2024-07-30 16:35:39.458044',	0,	0),
(66774,	'COM. GOLLERE',	'COMMUNE',	59795,	'2024-07-30 16:35:39.450329',	'2024-07-30 16:35:39.458044',	0,	0),
(66792,	'COM. WALALDE',	'COMMUNE',	59795,	'2024-07-30 16:35:39.450329',	'2024-07-30 16:35:39.458044',	0,	0),
(66800,	'COM. MBOUMBA',	'COMMUNE',	59795,	'2024-07-30 16:35:39.450329',	'2024-07-30 16:35:39.458044',	0,	0),
(66822,	'NDIAYENE PEINDAO',	'COMMUNE',	59805,	'2024-07-30 16:35:39.450329',	'2024-07-30 16:35:39.458044',	0,	0),
(66830,	'COM. NDIOUM',	'COMMUNE',	59802,	'2024-07-30 16:35:39.450329',	'2024-07-30 16:35:39.458044',	0,	0),
(66833,	'FANAYE',	'COMMUNE',	59805,	'2024-07-30 16:35:39.450329',	'2024-07-30 16:35:39.458044',	0,	0),
(66846,	'COM. NIANDANE',	'COMMUNE',	59805,	'2024-07-30 16:35:39.450329',	'2024-07-30 16:35:39.458044',	0,	0),
(66848,	'COM. GUEDE CHANTIER',	'COMMUNE',	59811,	'2024-07-30 16:35:39.450329',	'2024-07-30 16:35:39.458044',	0,	0),
(66854,	'MBOLO BIRANE',	'COMMUNE',	59818,	'2024-07-30 16:35:39.450329',	'2024-07-30 16:35:39.458044',	0,	0),
(66857,	'COM. PODOR',	'COMMUNE',	59802,	'2024-07-30 16:35:39.450329',	'2024-07-30 16:35:39.458044',	0,	0),
(66861,	'GUEDE VILLAGE',	'COMMUNE',	59811,	'2024-07-30 16:35:39.450329',	'2024-07-30 16:35:39.458044',	0,	0),
(66866,	'COM. GALOYA TOUCOULEUR',	'COMMUNE',	59818,	'2024-07-30 16:35:39.450329',	'2024-07-30 16:35:39.458044',	0,	0),
(66869,	'FASS NGOM',	'COMMUNE',	59821,	'2024-07-30 16:35:39.450329',	'2024-07-30 16:35:39.458044',	0,	0),
(66875,	'BOKE DIALLOUBE',	'COMMUNE',	59818,	'2024-07-30 16:35:39.450329',	'2024-07-30 16:35:39.458044',	0,	0),
(66878,	'GANDON',	'COMMUNE',	59821,	'2024-07-30 16:35:39.450329',	'2024-07-30 16:35:39.458044',	0,	0),
(66884,	'COM. MPAL',	'COMMUNE',	59821,	'2024-07-30 16:35:39.450329',	'2024-07-30 16:35:39.458044',	0,	0),
(66886,	'COM. SAINT-LOUIS',	'COMMUNE',	59821,	'2024-07-30 16:35:39.450329',	'2024-07-30 16:35:39.458044',	0,	0),
(66887,	'COM. PETE',	'COMMUNE',	59818,	'2024-07-30 16:35:39.450329',	'2024-07-30 16:35:39.458044',	0,	0),
(66891,	'GATHIARY',	'COMMUNE',	59824,	'2024-07-30 16:35:39.450329',	'2024-07-30 16:35:39.458044',	0,	0),
(66894,	'NDIEBENE GANDIOLE',	'COMMUNE',	59821,	'2024-07-30 16:35:39.450329',	'2024-07-30 16:35:39.458044',	0,	0),
(66895,	'MADINA FOULBE',	'COMMUNE',	59824,	'2024-07-30 16:35:39.450329',	'2024-07-30 16:35:39.458044',	0,	0),
(66896,	'COM .KIDIRA',	'COMMUNE',	59826,	'2024-07-30 16:35:39.450329',	'2024-07-30 16:35:39.458044',	0,	0),
(66899,	'DODEL',	'COMMUNE',	59811,	'2024-07-30 16:35:39.450329',	'2024-07-30 16:35:39.458044',	0,	0),
(66903,	'TOUMBOURA',	'COMMUNE',	59824,	'2024-07-30 16:35:39.450329',	'2024-07-30 16:35:39.458044',	0,	0),
(66905,	'SINTHIOU FISSA',	'COMMUNE',	59826,	'2024-07-30 16:35:39.450329',	'2024-07-30 16:35:39.458044',	0,	0),
(66907,	'COM. DEMETTE',	'COMMUNE',	59811,	'2024-07-30 16:35:39.450329',	'2024-07-30 16:35:39.458044',	0,	0),
(66913,	'COM. BODE LAO',	'COMMUNE',	59811,	'2024-07-30 16:35:39.450329',	'2024-07-30 16:35:39.458044',	0,	0),
(66915,	'BELE',	'COMMUNE',	59826,	'2024-07-30 16:35:39.450329',	'2024-07-30 16:35:39.458044',	0,	0),
(66917,	'MOUDERY',	'COMMUNE',	59829,	'2024-07-30 16:35:39.450329',	'2024-07-30 16:35:39.458044',	0,	0),
(66919,	'GAMADJI SARE',	'COMMUNE',	59811,	'2024-07-30 16:35:39.450329',	'2024-07-30 16:35:39.458044',	0,	0),
(66920,	'COM. BAKEL',	'COMMUNE',	59878,	'2024-07-30 16:35:39.450329',	'2024-07-30 16:35:39.458044',	0,	0),
(66922,	'SADATOU',	'COMMUNE',	59824,	'2024-07-30 16:35:39.450329',	'2024-07-30 16:35:39.458044',	0,	0),
(66929,	'KOAR',	'COMMUNE',	60051,	'2024-07-30 16:35:39.450329',	'2024-07-30 16:35:39.458044',	0,	0),
(66933,	'BALLOU',	'COMMUNE',	59829,	'2024-07-30 16:35:39.450329',	'2024-07-30 16:35:39.458044',	0,	0),
(66941,	'NDOGA BABACAR',	'COMMUNE',	60053,	'2024-07-30 16:35:39.450329',	'2024-07-30 16:35:39.458044',	0,	0),
(66943,	'COM. DIAWARA',	'COMMUNE',	59878,	'2024-07-30 16:35:39.450329',	'2024-07-30 16:35:39.458044',	0,	0),
(66944,	'GABOU',	'COMMUNE',	59829,	'2024-07-30 16:35:39.450329',	'2024-07-30 16:35:39.458044',	0,	0),
(66948,	'GOUMBAYEL',	'COMMUNE',	60051,	'2024-07-30 16:35:39.450329',	'2024-07-30 16:35:39.458044',	0,	0),
(66950,	'MISSIRAH',	'COMMUNE',	59883,	'2024-07-30 16:35:39.450329',	'2024-07-30 16:35:39.458044',	0,	0),
(66951,	'MAKACOLIBANTANG',	'COMMUNE',	60053,	'2024-07-30 16:35:39.450329',	'2024-07-30 16:35:39.458044',	0,	0),
(66956,	'NIANI TOUCOULEUR',	'COMMUNE',	60053,	'2024-07-30 16:35:39.450329',	'2024-07-30 16:35:39.458044',	0,	0),
(66957,	'COM. GOUDIRY',	'COMMUNE',	60061,	'2024-07-30 16:35:39.450329',	'2024-07-30 16:35:39.458044',	0,	0),
(66960,	'COM. TAMBACOUNDA',	'COMMUNE',	60058,	'2024-07-30 16:35:39.450329',	'2024-07-30 16:35:39.458044',	0,	0),
(66961,	'DOUGUE',	'COMMUNE',	60068,	'2024-07-30 16:35:39.450329',	'2024-07-30 16:35:39.458044',	0,	0),
(66962,	'BALA',	'COMMUNE',	60051,	'2024-07-30 16:35:39.450329',	'2024-07-30 16:35:39.458044',	0,	0),
(66966,	'COM. KOTHIARY',	'COMMUNE',	60061,	'2024-07-30 16:35:39.450329',	'2024-07-30 16:35:39.458044',	0,	0),
(66967,	'BOYNGUEL BAMBA',	'COMMUNE',	60068,	'2024-07-30 16:35:39.450329',	'2024-07-30 16:35:39.458044',	0,	0),
(66970,	'NETTEBOULOU',	'COMMUNE',	59883,	'2024-07-30 16:35:39.450329',	'2024-07-30 16:35:39.458044',	0,	0),
(66974,	'SINTHIOU MAMADOU BOUBOU',	'COMMUNE',	60068,	'2024-07-30 16:35:39.450329',	'2024-07-30 16:35:39.458044',	0,	0),
(66976,	'DIALACOTO',	'COMMUNE',	59883,	'2024-07-30 16:35:39.450329',	'2024-07-30 16:35:39.458044',	0,	0),
(66981,	'KOUSSAN',	'COMMUNE',	60068,	'2024-07-30 16:35:39.450329',	'2024-07-30 16:35:39.458044',	0,	0),
(67010,	'KOMOTI',	'COMMUNE',	60074,	'2024-07-30 16:35:39.450329',	'2024-07-30 16:35:39.458044',	0,	0),
(67017,	'BANI ISRAEL',	'COMMUNE',	60070,	'2024-07-30 16:35:39.450329',	'2024-07-30 16:35:39.458044',	0,	0),
(67018,	'COM. KOUMPENTOUM',	'COMMUNE',	60086,	'2024-07-30 16:35:39.450329',	'2024-07-30 16:35:39.458044',	0,	0),
(67021,	'SINTHIOU MALEME',	'COMMUNE',	60064,	'2024-07-30 16:35:39.450329',	'2024-07-30 16:35:39.458044',	0,	0),
(67024,	'KOUSSANAR',	'COMMUNE',	60064,	'2024-07-30 16:35:39.450329',	'2024-07-30 16:35:39.458044',	0,	0),
(67026,	'KOULOR',	'COMMUNE',	60074,	'2024-07-30 16:35:39.450329',	'2024-07-30 16:35:39.458044',	0,	0),
(67029,	'BAMBA THIALENE',	'COMMUNE',	60090,	'2024-07-30 16:35:39.450329',	'2024-07-30 16:35:39.458044',	0,	0),
(67032,	'NDAME',	'COMMUNE',	60090,	'2024-07-30 16:35:39.450329',	'2024-07-30 16:35:39.458044',	0,	0),
(67035,	'SINTHIOU BOCAR ALI',	'COMMUNE',	60074,	'2024-07-30 16:35:39.450329',	'2024-07-30 16:35:39.458044',	0,	0),
(67041,	'KAHENE',	'COMMUNE',	60090,	'2024-07-30 16:35:39.450329',	'2024-07-30 16:35:39.458044',	0,	0),
(67042,	'DIANKE MAKHA',	'COMMUNE',	60070,	'2024-07-30 16:35:39.450329',	'2024-07-30 16:35:39.458044',	0,	0),
(67049,	'MERETO',	'COMMUNE',	60090,	'2024-07-30 16:35:39.450329',	'2024-07-30 16:35:39.458044',	0,	0),
(67052,	'BOUTOUCOUFARA',	'COMMUNE',	60070,	'2024-07-30 16:35:39.450329',	'2024-07-30 16:35:39.458044',	0,	0),
(67053,	'PAYAR',	'COMMUNE',	60097,	'2024-07-30 16:35:39.450329',	'2024-07-30 16:35:39.458044',	0,	0),
(67087,	'COM. KAOLACK',	'COMMUNE',	60096,	'2024-07-30 16:35:39.450329',	'2024-07-30 16:35:39.458044',	0,	0),
(67089,	'KOUTHIA GUAYDI',	'COMMUNE',	60097,	'2024-07-30 16:35:39.450329',	'2024-07-30 16:35:39.458044',	0,	0),
(67103,	'PASS KOTO',	'COMMUNE',	60097,	'2024-07-30 16:35:39.450329',	'2024-07-30 16:35:39.458044',	0,	0),
(67118,	'COM. MALEM NIANI',	'COMMUNE',	60097,	'2024-07-30 16:35:39.450329',	'2024-07-30 16:35:39.458044',	0,	0),
(67132,	'KOUTHIABA WOLOF',	'COMMUNE',	60097,	'2024-07-30 16:35:39.450329',	'2024-07-30 16:35:39.458044',	0,	0),
(67135,	'NDIAFFATE',	'COMMUNE',	60101,	'2024-07-30 16:35:39.450329',	'2024-07-30 16:35:39.458044',	0,	0),
(67142,	'NDIEBEL',	'COMMUNE',	60104,	'2024-07-30 16:35:39.450329',	'2024-07-30 16:35:39.458044',	0,	0),
(67144,	'COM. KAHONE',	'COMMUNE',	60096,	'2024-07-30 16:35:39.450329',	'2024-07-30 16:35:39.458044',	0,	0),
(67200,	'COM. NIORO DU RIP',	'COMMUNE',	60105,	'2024-07-30 16:35:39.450329',	'2024-07-30 16:35:39.458044',	0,	0),
(67202,	'KEUR SOCE',	'COMMUNE',	60101,	'2024-07-30 16:35:39.450329',	'2024-07-30 16:35:39.458044',	0,	0),
(67214,	'NGAYENE',	'COMMUNE',	60110,	'2024-07-30 16:35:39.450329',	'2024-07-30 16:35:39.458044',	0,	0),
(67215,	'COM. GANDIAYE',	'COMMUNE',	60104,	'2024-07-30 16:35:39.450329',	'2024-07-30 16:35:39.458044',	0,	0),
(67216,	'NDIEDIENG',	'COMMUNE',	60101,	'2024-07-30 16:35:39.450329',	'2024-07-30 16:35:39.458044',	0,	0),
(67218,	'MEDINA SABAKH',	'COMMUNE',	60110,	'2024-07-30 16:35:39.450329',	'2024-07-30 16:35:39.458044',	0,	0),
(67219,	'COM. SIBASSOR',	'COMMUNE',	60104,	'2024-07-30 16:35:39.450329',	'2024-07-30 16:35:39.458044',	0,	0),
(67222,	'KAYEMOR',	'COMMUNE',	60110,	'2024-07-30 16:35:39.450329',	'2024-07-30 16:35:39.458044',	0,	0),
(67223,	'DYA',	'COMMUNE',	60104,	'2024-07-30 16:35:39.450329',	'2024-07-30 16:35:39.458044',	0,	0),
(67231,	'THIOMBY',	'COMMUNE',	60104,	'2024-07-30 16:35:39.450329',	'2024-07-30 16:35:39.458044',	0,	0),
(67236,	'PAOSKOTO',	'COMMUNE',	60115,	'2024-07-30 16:35:39.450329',	'2024-07-30 16:35:39.458044',	0,	0),
(67242,	'LATMINGUE',	'COMMUNE',	60106,	'2024-07-30 16:35:39.450329',	'2024-07-30 16:35:39.458044',	0,	0),
(67246,	'DAROU SALAM',	'COMMUNE',	60115,	'2024-07-30 16:35:39.450329',	'2024-07-30 16:35:39.458044',	0,	0),
(67250,	'KEUR BAKA',	'COMMUNE',	60106,	'2024-07-30 16:35:39.450329',	'2024-07-30 16:35:39.458044',	0,	0),
(67255,	'DABALY',	'COMMUNE',	60115,	'2024-07-30 16:35:39.450329',	'2024-07-30 16:35:39.458044',	0,	0),
(67258,	'THIARE',	'COMMUNE',	60106,	'2024-07-30 16:35:39.450329',	'2024-07-30 16:35:39.458044',	0,	0),
(67263,	'GAINTE KAYE',	'COMMUNE',	60115,	'2024-07-30 16:35:39.450329',	'2024-07-30 16:35:39.458044',	0,	0),
(67266,	'COM. NDOFFANE',	'COMMUNE',	60106,	'2024-07-30 16:35:39.450329',	'2024-07-30 16:35:39.458044',	0,	0),
(67271,	'TAÏBA NIASSENE',	'COMMUNE',	60115,	'2024-07-30 16:35:39.450329',	'2024-07-30 16:35:39.458044',	0,	0),
(67278,	'POROKHANE',	'COMMUNE',	60115,	'2024-07-30 16:35:39.450329',	'2024-07-30 16:35:39.458044',	0,	0),
(67295,	'NGATHIE NAOUDE',	'COMMUNE',	60160,	'2024-07-30 16:35:39.450329',	'2024-07-30 16:35:39.458044',	0,	0),
(67302,	'KEUR MABA DIAKHOU',	'COMMUNE',	60120,	'2024-07-30 16:35:39.450329',	'2024-07-30 16:35:39.458044',	0,	0),
(67303,	'MBADAKHOUNE',	'COMMUNE',	60160,	'2024-07-30 16:35:39.450329',	'2024-07-30 16:35:39.458044',	0,	0),
(67311,	'KHELCOM-BIRAME',	'COMMUNE',	60160,	'2024-07-30 16:35:39.450329',	'2024-07-30 16:35:39.458044',	0,	0),
(67317,	'NDIAGO',	'COMMUNE',	60160,	'2024-07-30 16:35:39.450329',	'2024-07-30 16:35:39.458044',	0,	0),
(67325,	'COM. FASS',	'COMMUNE',	60160,	'2024-07-30 16:35:39.450329',	'2024-07-30 16:35:39.458044',	0,	0),
(67328,	'NGUELOU',	'COMMUNE',	60164,	'2024-07-30 16:35:39.450329',	'2024-07-30 16:35:39.458044',	0,	0),
(67333,	'DARA MBOSS',	'COMMUNE',	60164,	'2024-07-30 16:35:39.450329',	'2024-07-30 16:35:39.458044',	0,	0),
(67336,	'KEUR MANDONGO',	'COMMUNE',	60120,	'2024-07-30 16:35:39.450329',	'2024-07-30 16:35:39.458044',	0,	0),
(67341,	'GAGNICK',	'COMMUNE',	60164,	'2024-07-30 16:35:39.450329',	'2024-07-30 16:35:39.458044',	0,	0),
(67343,	'NDRAME ESCALE',	'COMMUNE',	60120,	'2024-07-30 16:35:39.450329',	'2024-07-30 16:35:39.458044',	0,	0),
(67348,	'OUROUR',	'COMMUNE',	60164,	'2024-07-30 16:35:39.450329',	'2024-07-30 16:35:39.458044',	0,	0),
(67352,	'COM. KEUR MADIABEL',	'COMMUNE',	60120,	'2024-07-30 16:35:39.450329',	'2024-07-30 16:35:39.458044',	0,	0),
(67359,	'WACK NGOUNA',	'COMMUNE',	60120,	'2024-07-30 16:35:39.450329',	'2024-07-30 16:35:39.458044',	0,	0),
(67555,	'PANAL OUOLOF',	'COMMUNE',	60164,	'2024-07-30 16:35:39.450329',	'2024-07-30 16:35:39.458044',	0,	0),
(67591,	'COM. MBOSS',	'COMMUNE',	60164,	'2024-07-30 16:35:39.450329',	'2024-07-30 16:35:39.458044',	0,	0),
(67592,	'COM. NGAPAROU',	'COMMUNE',	60338,	'2024-07-30 16:35:39.450329',	'2024-07-30 16:35:39.458044',	0,	0),
(67600,	'COM. MBOUR',	'COMMUNE',	60330,	'2024-07-30 16:35:39.450329',	'2024-07-30 16:35:39.458044',	0,	0),
(67604,	'COM. NGUEKHOKH',	'COMMUNE',	60338,	'2024-07-30 16:35:39.450329',	'2024-07-30 16:35:39.458044',	0,	0),
(67619,	'COM. POPENGUINE',	'COMMUNE',	60338,	'2024-07-30 16:35:39.450329',	'2024-07-30 16:35:39.458044',	0,	0),
(67627,	'MALICOUNDA',	'COMMUNE',	60338,	'2024-07-30 16:35:39.450329',	'2024-07-30 16:35:39.458044',	0,	0),
(67633,	'DIASS',	'COMMUNE',	60338,	'2024-07-30 16:35:39.450329',	'2024-07-30 16:35:39.458044',	0,	0),
(67649,	'COM. SALY PORTUDAL',	'COMMUNE',	60338,	'2024-07-30 16:35:39.450329',	'2024-07-30 16:35:39.458044',	0,	0),
(67656,	'COM. SOMONE',	'COMMUNE',	60338,	'2024-07-30 16:35:39.450329',	'2024-07-30 16:35:39.458044',	0,	0),
(67672,	'SESSENE',	'COMMUNE',	60341,	'2024-07-30 16:35:39.450329',	'2024-07-30 16:35:39.458044',	0,	0),
(67677,	'SINDIA',	'COMMUNE',	60338,	'2024-07-30 16:35:39.450329',	'2024-07-30 16:35:39.458044',	0,	0),
(67678,	'COM. JOAL-FADIOUTH',	'COMMUNE',	60330,	'2024-07-30 16:35:39.450329',	'2024-07-30 16:35:39.458044',	0,	0),
(67680,	'SANDIARA',	'COMMUNE',	60341,	'2024-07-30 16:35:39.450329',	'2024-07-30 16:35:39.458044',	0,	0),
(67685,	'COM. THIADIAYE',	'COMMUNE',	60341,	'2024-07-30 16:35:39.450329',	'2024-07-30 16:35:39.458044',	0,	0),
(67693,	'NGUENIENE',	'COMMUNE',	60341,	'2024-07-30 16:35:39.450329',	'2024-07-30 16:35:39.458044',	0,	0),
(67701,	'COM. POUT',	'COMMUNE',	60347,	'2024-07-30 16:35:39.450329',	'2024-07-30 16:35:39.458044',	0,	0),
(67706,	'NDIAGANIAO',	'COMMUNE',	60345,	'2024-07-30 16:35:39.450329',	'2024-07-30 16:35:39.458044',	0,	0),
(67707,	'THIENABA',	'COMMUNE',	60348,	'2024-07-30 16:35:39.450329',	'2024-07-30 16:35:39.458044',	0,	0),
(67710,	'COM. GUINGUINEO',	'COMMUNE',	60333,	'2024-07-30 16:35:39.450329',	'2024-07-30 16:35:39.458044',	0,	0),
(67715,	'COM. KAYAR',	'COMMUNE',	60375,	'2024-07-30 16:35:39.450329',	'2024-07-30 16:35:39.458044',	0,	0),
(67716,	'FISSEL',	'COMMUNE',	60345,	'2024-07-30 16:35:39.450329',	'2024-07-30 16:35:39.458044',	0,	0),
(67717,	'COM. KHOMBOLE',	'COMMUNE',	60347,	'2024-07-30 16:35:39.450329',	'2024-07-30 16:35:39.458044',	0,	0),
(67725,	'TOUBA TOUL',	'COMMUNE',	60348,	'2024-07-30 16:35:39.450329',	'2024-07-30 16:35:39.458044',	0,	0),
(67727,	'KEUR MOUSSA',	'COMMUNE',	60375,	'2024-07-30 16:35:39.450329',	'2024-07-30 16:35:39.458044',	0,	0),
(67732,	'DIENDER',	'COMMUNE',	60375,	'2024-07-30 16:35:39.450329',	'2024-07-30 16:35:39.458044',	0,	0),
(67742,	'FANDENE',	'COMMUNE',	60375,	'2024-07-30 16:35:39.450329',	'2024-07-30 16:35:39.458044',	0,	0),
(67748,	'TASSETE',	'COMMUNE',	60381,	'2024-07-30 16:35:39.450329',	'2024-07-30 16:35:39.458044',	0,	0),
(67752,	'COM. MBORO',	'COMMUNE',	60464,	'2024-07-30 16:35:39.450329',	'2024-07-30 16:35:39.458044',	0,	0),
(67754,	'NGOUNDIANE',	'COMMUNE',	60348,	'2024-07-30 16:35:39.450329',	'2024-07-30 16:35:39.458044',	0,	0),
(67757,	'NOTTO',	'COMMUNE',	60381,	'2024-07-30 16:35:39.450329',	'2024-07-30 16:35:39.458044',	0,	0),
(67760,	'MEOUANE',	'COMMUNE',	60464,	'2024-07-30 16:35:39.450329',	'2024-07-30 16:35:39.458044',	0,	0),
(67763,	'NDIEYENE SIRAKH',	'COMMUNE',	60348,	'2024-07-30 16:35:39.450329',	'2024-07-30 16:35:39.458044',	0,	0),
(67768,	'DAROU KHOUDOSS',	'COMMUNE',	60464,	'2024-07-30 16:35:39.450329',	'2024-07-30 16:35:39.458044',	0,	0),
(67771,	'PEKESSE',	'COMMUNE',	60472,	'2024-07-30 16:35:39.450329',	'2024-07-30 16:35:39.458044',	0,	0),
(67774,	'TAIBA NDIAYE',	'COMMUNE',	60464,	'2024-07-30 16:35:39.450329',	'2024-07-30 16:35:39.458044',	0,	0),
(67775,	'KOUL',	'COMMUNE',	60472,	'2024-07-30 16:35:39.450329',	'2024-07-30 16:35:39.458044',	0,	0),
(67779,	'MERINA DAKHAR',	'COMMUNE',	60472,	'2024-07-30 16:35:39.450329',	'2024-07-30 16:35:39.458044',	0,	0),
(67781,	'COM. MEKHE',	'COMMUNE',	60480,	'2024-07-30 16:35:39.450329',	'2024-07-30 16:35:39.458044',	0,	0),
(67784,	'THIES NORD',	'COMMUNE',	60394,	'2024-07-30 16:35:39.450329',	'2024-07-30 16:35:39.458044',	0,	0),
(67790,	'COM. TIVAOUANE',	'COMMUNE',	60480,	'2024-07-30 16:35:39.450329',	'2024-07-30 16:35:39.458044',	0,	0),
(67791,	'THIES EST',	'COMMUNE',	60385,	'2024-07-30 16:35:39.450329',	'2024-07-30 16:35:39.458044',	0,	0),
(67797,	'COM. KEBEMER',	'COMMUNE',	60483,	'2024-07-30 16:35:39.450329',	'2024-07-30 16:35:39.458044',	0,	0),
(67800,	'THIES OUEST',	'COMMUNE',	60385,	'2024-07-30 16:35:39.450329',	'2024-07-30 16:35:39.458044',	0,	0),
(67803,	'NGANDIOUF',	'COMMUNE',	60489,	'2024-07-30 16:35:39.450329',	'2024-07-30 16:35:39.458044',	0,	0),
(70988,	'PIKINE OUEST',	'COMMUNE',	59587,	'2024-07-30 16:35:39.450329',	'2024-07-30 16:35:39.458044',	0,	0),
(70992,	'GUINAW RAIL NORD',	'COMMUNE',	59587,	'2024-07-30 16:35:39.450329',	'2024-07-30 16:35:39.458044',	0,	0),
(88942,	'PIKINE EST',	'COMMUNE',	59587,	'2024-07-30 16:35:39.450329',	'2024-07-30 16:35:39.458044',	0,	0),
(88944,	'THIAROYE SUR MER',	'COMMUNE',	59606,	'2024-07-30 16:35:39.450329',	'2024-07-30 16:35:39.458044',	0,	0),
(88945,	'GUINAW RAIL SUD',	'COMMUNE',	59587,	'2024-07-30 16:35:39.450329',	'2024-07-30 16:35:39.458044',	0,	0),
(88948,	'THIAROYE GARE',	'COMMUNE',	59606,	'2024-07-30 16:35:39.450329',	'2024-07-30 16:35:39.458044',	0,	0),
(88954,	'TIVAOUANE-DIACKSAO',	'COMMUNE',	59606,	'2024-07-30 16:35:39.450329',	'2024-07-30 16:35:39.458044',	0,	0),
(88962,	'DIAMAGUENE SICAP-MBAO',	'COMMUNE',	59606,	'2024-07-30 16:35:39.450329',	'2024-07-30 16:35:39.458044',	0,	0),
(88963,	'COM. BARGNY',	'COMMUNE',	59615,	'2024-07-30 16:35:39.450329',	'2024-07-30 16:35:39.458044',	0,	0),
(88976,	'COM. SENDOU',	'COMMUNE',	59615,	'2024-07-30 16:35:39.450329',	'2024-07-30 16:35:39.458044',	0,	0),
(88981,	'RUFISQUE NORD',	'COMMUNE',	59622,	'2024-07-30 16:35:39.450329',	'2024-07-30 16:35:39.458044',	0,	0),
(88982,	'MBAO',	'COMMUNE',	59606,	'2024-07-30 16:35:39.450329',	'2024-07-30 16:35:39.458044',	0,	0),
(88984,	'COM. SEBIKOTANE',	'COMMUNE',	59608,	'2024-07-30 16:35:39.450329',	'2024-07-30 16:35:39.458044',	0,	0),
(88989,	'RUFISQUE EST',	'COMMUNE',	59622,	'2024-07-30 16:35:39.450329',	'2024-07-30 16:35:39.458044',	0,	0),
(88993,	'COM. DIAMNIADIO',	'COMMUNE',	59608,	'2024-07-30 16:35:39.450329',	'2024-07-30 16:35:39.458044',	0,	0),
(88996,	'RUFISQUE OUEST',	'COMMUNE',	59622,	'2024-07-30 16:35:39.450329',	'2024-07-30 16:35:39.458044',	0,	0),
(88997,	'NDIAREME LIMAMOULAYE',	'COMMUNE',	59647,	'2024-07-30 16:35:39.450329',	'2024-09-07 21:38:16.000000',	14.782060187652178,	-17.384909282337617),
(89002,	'YENE',	'COMMUNE',	59608,	'2024-07-30 16:35:39.450329',	'2024-07-30 16:35:39.458044',	0,	0),
(89014,	'SAM NOTAIRE',	'COMMUNE',	59680,	'2024-07-30 16:35:39.450329',	'2024-09-07 21:35:33.000000',	14.774873524749301,	-17.396085547576902),
(89015,	'TIVAOUANE PEULH-NIAGHA',	'COMMUNE',	59631,	'2024-07-30 16:35:39.450329',	'2024-07-30 16:35:39.458044',	0,	0),
(89029,	'BAMBYLOR',	'COMMUNE',	59631,	'2024-07-30 16:35:39.450329',	'2024-07-30 16:35:39.458044',	0,	0),
(89032,	'MEDINA GOUNASS',	'COMMUNE',	59647,	'2024-07-30 16:35:39.450329',	'2024-09-07 21:37:16.000000',	14.770193242388734,	-17.38339398510417),
(89035,	'COM. SANGALKAM',	'COMMUNE',	59631,	'2024-07-30 16:35:39.450329',	'2024-07-30 16:35:39.458044',	0,	0),
(89037,	'GOLF SUD',	'COMMUNE',	59680,	'2024-07-30 16:35:39.450329',	'2024-09-07 21:34:03.000000',	14.775751284175488,	-17.408927436455382),
(89044,	'WAKHINANE NIMZATT',	'COMMUNE',	59647,	'2024-07-30 16:35:39.450329',	'2024-09-07 21:40:33.000000',	14.788961373015107,	-17.37624011999698),
(89046,	'YEUMBEUL NORD',	'COMMUNE',	59650,	'2024-07-30 16:35:39.450329',	'2024-07-30 16:35:39.458044',	0,	0),
(89057,	'YEUMBEUL SUD',	'COMMUNE',	59650,	'2024-07-30 16:35:39.450329',	'2024-07-30 16:35:39.458044',	0,	0),
(96142,	'KEUR MASSAR SUD',	'COMMUNE',	59689,	'2024-07-30 16:35:39.450329',	'2024-07-30 16:35:39.458044',	0,	0),
(96146,	'KARTHIACK',	'COMMUNE',	59696,	'2024-07-30 16:35:39.450329',	'2024-07-30 16:35:39.458044',	0,	0),
(96149,	'SINDIAN',	'COMMUNE',	59682,	'2024-07-30 16:35:39.450329',	'2024-07-30 16:35:39.458044',	0,	0),
(96154,	'DJINACKY',	'COMMUNE',	59707,	'2024-07-30 16:35:39.450329',	'2024-07-30 16:35:39.458044',	0,	0),
(96158,	'KATABA 1',	'COMMUNE',	59707,	'2024-07-30 16:35:39.450329',	'2024-07-30 16:35:39.458044',	0,	0),
(96162,	'NIAKHENE',	'COMMUNE',	60489,	'2024-07-30 16:35:39.450329',	'2024-07-30 16:35:39.458044',	0,	0),
(96165,	'MBAYENE',	'COMMUNE',	60489,	'2024-07-30 16:35:39.450329',	'2024-07-30 16:35:39.458044',	0,	0),
(96174,	'CHERIF LO',	'COMMUNE',	60500,	'2024-07-30 16:35:39.450329',	'2024-07-30 16:35:39.458044',	0,	0),
(96182,	'COM. GUEOUL',	'COMMUNE',	60504,	'2024-07-30 16:35:39.450329',	'2024-07-30 16:35:39.458044',	0,	0),
(96183,	'DAROU MOUSTY',	'COMMUNE',	60493,	'2024-07-30 16:35:39.450329',	'2024-07-30 16:35:39.458044',	0,	0),
(96189,	'GASSANE',	'COMMUNE',	60530,	'2024-07-30 16:35:39.450329',	'2024-07-30 16:35:39.458044',	0,	0),
(96195,	'THIOLOM FALL',	'COMMUNE',	60505,	'2024-07-30 16:35:39.450329',	'2024-07-30 16:35:39.458044',	0,	0),
(96196,	'THIARNY',	'COMMUNE',	60530,	'2024-07-30 16:35:39.450329',	'2024-07-30 16:35:39.458044',	0,	0),
(96206,	'THIEL',	'COMMUNE',	60530,	'2024-07-30 16:35:39.450329',	'2024-07-30 16:35:39.458044',	0,	0),
(96208,	'COM. NDIAGNE',	'COMMUNE',	60577,	'2024-07-30 16:35:39.450329',	'2024-07-30 16:35:39.458044',	0,	0),
(96218,	'GUET ARDO',	'COMMUNE',	60577,	'2024-07-30 16:35:39.450329',	'2024-07-30 16:35:39.458044',	0,	0),
(96220,	'KEUR MOMAR SARR',	'COMMUNE',	60566,	'2024-07-30 16:35:39.450329',	'2024-07-30 16:35:39.458044',	0,	0),
(96223,	'SAKAL',	'COMMUNE',	60580,	'2024-07-30 16:35:39.450329',	'2024-07-30 16:35:39.458044',	0,	0),
(96226,	'COM. FATICK',	'COMMUNE',	60585,	'2024-07-30 16:35:39.450329',	'2024-07-30 16:35:39.458044',	0,	0),
(96233,	'MBELLACADIAO',	'COMMUNE',	60592,	'2024-07-30 16:35:39.450329',	'2024-07-30 16:35:39.458044',	0,	0),
(96241,	'DIOUROUP',	'COMMUNE',	60675,	'2024-07-30 16:35:39.450329',	'2024-07-30 16:35:39.458044',	0,	0),
(96251,	'COM. GOSSAS',	'COMMUNE',	60962,	'2024-07-30 16:35:39.450329',	'2024-07-30 16:35:39.458044',	0,	0),
(96258,	'TOUBACOUTA',	'COMMUNE',	60702,	'2024-07-30 16:35:39.450329',	'2024-07-30 16:35:39.458044',	0,	0),
(96260,	'COM. KOLDA',	'COMMUNE',	60965,	'2024-07-30 16:35:39.450329',	'2024-07-30 16:35:39.458044',	0,	0),
(96266,	'GUIRO YERO BOCAR',	'COMMUNE',	60958,	'2024-07-30 16:35:39.450329',	'2024-07-30 16:35:39.458044',	0,	0),
(96268,	'DIALAMBERE',	'COMMUNE',	60983,	'2024-07-30 16:35:39.450329',	'2024-07-30 16:35:39.458044',	0,	0),
(96272,	'THIETTY',	'COMMUNE',	60963,	'2024-07-30 16:35:39.450329',	'2024-07-30 16:35:39.458044',	0,	0),
(96275,	'TANKANTO ESCALE',	'COMMUNE',	60958,	'2024-07-30 16:35:39.450329',	'2024-07-30 16:35:39.458044',	0,	0),
(96276,	'MAMPATIM',	'COMMUNE',	60983,	'2024-07-30 16:35:39.450329',	'2024-07-30 16:35:39.458044',	0,	0),
(96281,	'COM. SARE YOBA DIEGA',	'COMMUNE',	60958,	'2024-07-30 16:35:39.450329',	'2024-07-30 16:35:39.458044',	0,	0),
(96286,	'COM. DIAOUBE-KABENDOU',	'COMMUNE',	60992,	'2024-07-30 16:35:39.450329',	'2024-07-30 16:35:39.458044',	0,	0),
(96287,	'SARE BIDJI',	'COMMUNE',	60963,	'2024-07-30 16:35:39.450329',	'2024-07-30 16:35:39.458044',	0,	0),
(96289,	'KANDIAYE',	'COMMUNE',	61000,	'2024-07-30 16:35:39.450329',	'2024-07-30 16:35:39.458044',	0,	0),
(96291,	'SINTHIANG KOUNDARA',	'COMMUNE',	60985,	'2024-07-30 16:35:39.450329',	'2024-07-30 16:35:39.458044',	0,	0),
(96296,	'FAFACOUROU',	'COMMUNE',	61022,	'2024-07-30 16:35:39.450329',	'2024-07-30 16:35:39.458044',	0,	0),
(96299,	'COM. KOUNKANE',	'COMMUNE',	60992,	'2024-07-30 16:35:39.450329',	'2024-07-30 16:35:39.458044',	0,	0),
(96303,	'AGNAM CIVOL',	'COMMUNE',	61027,	'2024-07-30 16:35:39.450329',	'2024-07-30 16:35:39.458044',	0,	0),
(96305,	'BOUROUCO',	'COMMUNE',	61012,	'2024-07-30 16:35:39.450329',	'2024-07-30 16:35:39.458044',	0,	0),
(96317,	'COM. NGUIDILOGNE',	'COMMUNE',	61027,	'2024-07-30 16:35:39.450329',	'2024-07-30 16:35:39.458044',	0,	0),
(96320,	'WOURO SIDY',	'COMMUNE',	61059,	'2024-07-30 16:35:39.450329',	'2024-07-30 16:35:39.458044',	0,	0),
(96327,	'OUDALAYE',	'COMMUNE',	61065,	'2024-07-30 16:35:39.450329',	'2024-07-30 16:35:39.458044',	0,	0),
(96339,	'VELINGARA',	'COMMUNE',	61065,	'2024-07-30 16:35:39.450329',	'2024-07-30 16:35:39.458044',	0,	0),
(96360,	'RIBOT ESCALE',	'COMMUNE',	61154,	'2024-07-30 16:35:39.450329',	'2024-07-30 16:35:39.458044',	0,	0),
(96365,	'DAKATELY',	'COMMUNE',	61248,	'2024-07-30 16:35:39.450329',	'2024-07-30 16:35:39.458044',	0,	0),
(96373,	'FONGOLIMBI',	'COMMUNE',	61219,	'2024-07-30 16:35:39.450329',	'2024-07-30 16:35:39.458044',	0,	0),
(96375,	'COM. MARSASSOUM',	'COMMUNE',	61272,	'2024-07-30 16:35:39.450329',	'2024-07-30 16:35:39.458044',	0,	0),
(96392,	'SAKAR',	'COMMUNE',	61267,	'2024-07-30 16:35:39.450329',	'2024-07-30 16:35:39.458044',	0,	0),
(96393,	'COM. BOUNKILING',	'COMMUNE',	61352,	'2024-07-30 16:35:39.450329',	'2024-07-30 16:35:39.458044',	0,	0),
(96401,	'NDIAMALATHIEL',	'COMMUNE',	61342,	'2024-07-30 16:35:39.450329',	'2024-07-30 16:35:39.458044',	0,	0),
(96407,	'YARANG BALANTE',	'COMMUNE',	61398,	'2024-07-30 16:35:39.450329',	'2024-07-30 16:35:39.458044',	0,	0),
(96408,	'COM. MADINA WANDIFA',	'COMMUNE',	61345,	'2024-07-30 16:35:39.450329',	'2024-07-30 16:35:39.458044',	0,	0),
(96409,	'KANDION MANGANA',	'COMMUNE',	61339,	'2024-07-30 16:35:39.450329',	'2024-07-30 16:35:39.458044',	0,	0),
(96410,	'COM. DIATTACOUNDA',	'COMMUNE',	61398,	'2024-07-30 16:35:39.450329',	'2024-07-30 16:35:39.458044',	0,	0),
(96415,	'FAOUNE',	'COMMUNE',	61345,	'2024-07-30 16:35:39.450329',	'2024-07-30 16:35:39.458044',	0,	0),
(96418,	'KAOUR',	'COMMUNE',	61398,	'2024-07-30 16:35:39.450329',	'2024-07-30 16:35:39.458044',	0,	0),
(96423,	'SIMBANDI BRASSOU',	'COMMUNE',	61410,	'2024-07-30 16:35:39.450329',	'2024-07-30 16:35:39.458044',	0,	0);

DROP TABLE IF EXISTS `commission`;
CREATE TABLE `commission` (
  `id` int(11) NOT NULL AUTO_INCREMENT,
  `amount` int(11) NOT NULL,
  `status` enum('paid','unpaid') NOT NULL,
  `orderId` int(11) DEFAULT NULL,
  `detailsCreatedat` datetime(6) NOT NULL DEFAULT current_timestamp(6),
  `detailsUpdatedat` datetime(6) NOT NULL DEFAULT current_timestamp(6) ON UPDATE current_timestamp(6),
  `detailsByid` int(11) DEFAULT NULL,
  PRIMARY KEY (`id`)
) ENGINE=InnoDB DEFAULT CHARSET=utf8mb4 COLLATE=utf8mb4_general_ci;

TRUNCATE `commission`;

DROP TABLE IF EXISTS `commune`;
CREATE TABLE `commune` (
  `id` int(11) NOT NULL AUTO_INCREMENT,
  `name` varchar(255) NOT NULL,
  `cityId` int(11) DEFAULT NULL,
  PRIMARY KEY (`id`),
  KEY `FK_c61bbd050557ab54703fd6e49f3` (`cityId`),
  CONSTRAINT `FK_c61bbd050557ab54703fd6e49f3` FOREIGN KEY (`cityId`) REFERENCES `city` (`id`) ON DELETE NO ACTION ON UPDATE NO ACTION
) ENGINE=InnoDB DEFAULT CHARSET=utf8mb4 COLLATE=utf8mb4_general_ci;

TRUNCATE `commune`;

DROP TABLE IF EXISTS `company_category`;
CREATE TABLE `company_category` (
  `id` int(11) NOT NULL AUTO_INCREMENT,
  `name` varchar(255) NOT NULL,
  `isActive` tinyint(4) NOT NULL,
  `partnerId` int(11) DEFAULT NULL,
  PRIMARY KEY (`id`),
  KEY `FK_a88b7004b97a808e0e3cae939ab` (`partnerId`),
  CONSTRAINT `FK_a88b7004b97a808e0e3cae939ab` FOREIGN KEY (`partnerId`) REFERENCES `partner` (`id`) ON DELETE NO ACTION ON UPDATE NO ACTION
) ENGINE=InnoDB DEFAULT CHARSET=utf8mb4 COLLATE=utf8mb4_general_ci;

TRUNCATE `company_category`;

DROP TABLE IF EXISTS `contrat`;
CREATE TABLE `contrat` (
  `id` int(11) NOT NULL AUTO_INCREMENT,
  `startDate` datetime NOT NULL,
  `endDate` datetime NOT NULL,
  `entryFee` decimal(10,0) NOT NULL,
  `feePerItem` varchar(255) NOT NULL,
  `partnerId` int(11) DEFAULT NULL,
  PRIMARY KEY (`id`),
  KEY `FK_45c3fa803057dfb77ac4d1802ff` (`partnerId`),
  CONSTRAINT `FK_45c3fa803057dfb77ac4d1802ff` FOREIGN KEY (`partnerId`) REFERENCES `partner` (`id`) ON DELETE NO ACTION ON UPDATE NO ACTION
) ENGINE=InnoDB DEFAULT CHARSET=utf8mb4 COLLATE=utf8mb4_general_ci;

TRUNCATE `contrat`;

DROP TABLE IF EXISTS `establishment_type`;
CREATE TABLE `establishment_type` (
  `name` varchar(255) NOT NULL,
  `imagePath` varchar(255) DEFAULT NULL,
  `description` text NOT NULL,
  `isActive` tinyint(4) NOT NULL DEFAULT 1,
  `id` int(11) NOT NULL,
  PRIMARY KEY (`id`),
  UNIQUE KEY `IDX_ff33c8398d6a57487c6fd3493c` (`name`)
) ENGINE=InnoDB DEFAULT CHARSET=utf8mb4 COLLATE=utf8mb4_general_ci;

TRUNCATE `establishment_type`;

DROP TABLE IF EXISTS `gift`;
CREATE TABLE `gift` (
  `createdAt` datetime(6) NOT NULL DEFAULT current_timestamp(6),
  `updatedAt` datetime(6) NOT NULL DEFAULT current_timestamp(6) ON UPDATE current_timestamp(6),
  `byId` int(11) DEFAULT NULL,
  `id` int(11) NOT NULL AUTO_INCREMENT,
  `description` text NOT NULL,
  `partnerId` int(11) DEFAULT NULL,
  `isActive` tinyint(4) NOT NULL,
  `discount` double NOT NULL,
  PRIMARY KEY (`id`)
) ENGINE=InnoDB DEFAULT CHARSET=utf8mb4 COLLATE=utf8mb4_general_ci;

TRUNCATE `gift`;
INSERT INTO `gift` (`createdAt`, `updatedAt`, `byId`, `id`, `description`, `partnerId`, `isActive`, `discount`) VALUES
('2024-09-03 12:25:40.851046',	'2024-09-03 12:25:40.851046',	NULL,	1,	'Promo new counte',	NULL,	1,	10),
('2024-09-03 12:32:58.581335',	'2024-09-03 12:50:36.000000',	8,	2,	'Promo Tabaski',	17,	1,	10);

DROP TABLE IF EXISTS `gift_history`;
CREATE TABLE `gift_history` (
  `createdAt` datetime(6) NOT NULL DEFAULT current_timestamp(6),
  `updatedAt` datetime(6) NOT NULL DEFAULT current_timestamp(6) ON UPDATE current_timestamp(6),
  `byId` int(11) DEFAULT NULL,
  `id` int(11) NOT NULL AUTO_INCREMENT,
  `discount` double NOT NULL,
  `isActive` tinyint(4) NOT NULL,
  `description` text NOT NULL,
  `giftId` int(11) DEFAULT NULL,
  PRIMARY KEY (`id`)
) ENGINE=InnoDB DEFAULT CHARSET=utf8mb4 COLLATE=utf8mb4_general_ci;

TRUNCATE `gift_history`;
INSERT INTO `gift_history` (`createdAt`, `updatedAt`, `byId`, `id`, `discount`, `isActive`, `description`, `giftId`) VALUES
('2024-09-03 12:32:58.591744',	'2024-09-03 12:32:58.591744',	8,	1,	5,	1,	'promo',	NULL),
('2024-09-03 12:50:36.368754',	'2024-09-03 12:50:36.368754',	8,	2,	10,	1,	'Promo Tabaski',	2);

DROP TABLE IF EXISTS `module`;
CREATE TABLE `module` (
  `id` int(11) NOT NULL AUTO_INCREMENT,
  `name` varchar(255) DEFAULT NULL,
  `parentId` int(11) DEFAULT NULL,
  `nsleft` int(11) NOT NULL DEFAULT 1,
  `nsright` int(11) NOT NULL DEFAULT 2,
  PRIMARY KEY (`id`),
  UNIQUE KEY `IDX_620a549dbcb1fff62ea85695ca` (`name`),
  KEY `FK_3477e0c46c6a35a23b16792f002` (`parentId`),
  CONSTRAINT `FK_3477e0c46c6a35a23b16792f002` FOREIGN KEY (`parentId`) REFERENCES `module` (`id`) ON DELETE NO ACTION ON UPDATE NO ACTION
) ENGINE=InnoDB DEFAULT CHARSET=utf8mb4 COLLATE=utf8mb4_general_ci;

TRUNCATE `module`;
INSERT INTO `module` (`id`, `name`, `parentId`, `nsleft`, `nsright`) VALUES
(1,	'root',	NULL,	1,	86),
(2,	'assignment',	1,	2,	75),
(3,	'card_allocation',	1,	2,	73),
(4,	'card_allocation_details',	1,	2,	71),
(5,	'category',	1,	2,	69),
(6,	'city',	1,	2,	67),
(7,	'card',	1,	2,	7),
(8,	'commune',	1,	2,	5),
(9,	'commission',	1,	2,	3),
(10,	'contrat',	1,	8,	9),
(11,	'module',	1,	10,	11),
(12,	'partner',	1,	12,	25),
(13,	'otp',	1,	26,	65),
(14,	'order_product',	1,	26,	27),
(15,	'banner',	1,	28,	63),
(16,	'order',	1,	28,	29),
(17,	'product',	1,	30,	61),
(18,	'otp_config',	1,	30,	33),
(19,	'product_category_category',	1,	30,	31),
(20,	'permission',	1,	34,	37),
(21,	'product_file',	1,	34,	35),
(22,	'region',	1,	38,	39),
(23,	'product_history',	1,	40,	41),
(24,	'product_management_day',	1,	42,	47),
(25,	'product_management',	1,	42,	43),
(26,	'product_raiting',	1,	44,	45),
(27,	'role',	1,	48,	51),
(28,	'role_permission',	1,	48,	49),
(29,	'wallet_status',	1,	52,	53),
(30,	'transaction',	1,	54,	57),
(31,	'weekday',	1,	54,	55),
(32,	'user',	1,	58,	59),
(33,	'customer',	12,	13,	14),
(34,	'deliver',	12,	15,	16),
(35,	'coorporate',	12,	17,	18),
(36,	'payment_type',	12,	19,	20),
(37,	'restaurant',	12,	21,	22),
(38,	'company_restaurant',	12,	23,	24),
(39,	'gift',	1,	76,	77),
(40,	'gift_history',	1,	78,	79),
(41,	'story',	1,	80,	81),
(42,	'story_group',	1,	82,	83),
(43,	'establishment_type',	1,	84,	85);

DROP TABLE IF EXISTS `order`;
CREATE TABLE `order` (
  `id` int(11) NOT NULL AUTO_INCREMENT,
  `partnerId` int(11) DEFAULT NULL,
  `customerId` int(11) DEFAULT NULL,
  `deliverId` int(11) DEFAULT NULL,
  `deliveryDate` timestamp NULL DEFAULT NULL,
  `status` enum('onbag','active','preparing','ready_for_delivery','out_for_delivery','delivered','delivery_delayed','cancelled','quality_issue','payment_processing','refund_in_progress','order_not_delivered') NOT NULL DEFAULT 'onbag',
  `detailsCreatedat` datetime(6) NOT NULL DEFAULT current_timestamp(6),
  `detailsUpdatedat` datetime(6) NOT NULL DEFAULT current_timestamp(6) ON UPDATE current_timestamp(6),
  `detailsByid` int(11) DEFAULT NULL,
  `restaurantId` int(11) DEFAULT NULL,
  PRIMARY KEY (`id`)
) ENGINE=InnoDB DEFAULT CHARSET=utf8mb4 COLLATE=utf8mb4_general_ci;

TRUNCATE `order`;
INSERT INTO `order` (`id`, `partnerId`, `customerId`, `deliverId`, `deliveryDate`, `status`, `detailsCreatedat`, `detailsUpdatedat`, `detailsByid`, `restaurantId`) VALUES
(10,	3,	9,	NULL,	NULL,	'onbag',	'2024-09-03 15:43:43.414416',	'2024-09-03 15:43:43.414416',	NULL,	NULL),
(12,	17,	9,	NULL,	NULL,	'onbag',	'2024-09-05 21:12:25.098917',	'2024-09-05 21:12:25.098917',	NULL,	NULL),
(13,	7,	9,	NULL,	NULL,	'onbag',	'2024-09-09 01:11:06.254670',	'2024-09-09 01:11:06.254670',	NULL,	NULL);

DROP TABLE IF EXISTS `order_product`;
CREATE TABLE `order_product` (
  `productHistoryId` int(11) NOT NULL,
  `orderId` int(11) NOT NULL,
  `description` text NOT NULL,
  `quantity` int(11) NOT NULL,
  PRIMARY KEY (`productHistoryId`,`orderId`),
  KEY `FK_3fb066240db56c9558a91139431` (`orderId`),
  CONSTRAINT `FK_3fb066240db56c9558a91139431` FOREIGN KEY (`orderId`) REFERENCES `order` (`id`) ON DELETE NO ACTION ON UPDATE NO ACTION,
  CONSTRAINT `FK_69e38b7ce2990657c7d212f64ee` FOREIGN KEY (`productHistoryId`) REFERENCES `product_history` (`id`) ON DELETE NO ACTION ON UPDATE NO ACTION
) ENGINE=InnoDB DEFAULT CHARSET=utf8mb4 COLLATE=utf8mb4_general_ci;

TRUNCATE `order_product`;
INSERT INTO `order_product` (`productHistoryId`, `orderId`, `description`, `quantity`) VALUES
(4,	10,	'busy g fain',	2),
(6,	10,	'1 pigmenter',	2),
(8,	13,	'',	4),
(11,	12,	'',	3);

DROP TABLE IF EXISTS `otp`;
CREATE TABLE `otp` (
  `id` int(11) NOT NULL AUTO_INCREMENT,
  `configId` int(11) DEFAULT NULL,
  `code` varchar(255) NOT NULL,
  `to` varchar(255) NOT NULL,
  `status` enum('validate','expired','pending') NOT NULL DEFAULT 'validate',
  `channel` enum('web','mobile') NOT NULL DEFAULT 'mobile',
  `detailsCreatedat` datetime(6) NOT NULL DEFAULT current_timestamp(6),
  `detailsUpdatedat` datetime(6) NOT NULL DEFAULT current_timestamp(6) ON UPDATE current_timestamp(6),
  PRIMARY KEY (`id`)
) ENGINE=InnoDB DEFAULT CHARSET=utf8mb4 COLLATE=utf8mb4_general_ci;

TRUNCATE `otp`;

DROP TABLE IF EXISTS `otp_config`;
CREATE TABLE `otp_config` (
  `id` int(11) NOT NULL AUTO_INCREMENT,
  `label` varchar(255) NOT NULL,
  `maxAttemp` int(11) NOT NULL,
  `lenght` int(11) NOT NULL DEFAULT 4,
  `duration` int(11) NOT NULL,
  `isHash` tinyint(4) NOT NULL DEFAULT 0,
  `detailsCreatedat` datetime(6) NOT NULL DEFAULT current_timestamp(6),
  `detailsUpdatedat` datetime(6) NOT NULL DEFAULT current_timestamp(6) ON UPDATE current_timestamp(6),
  `detailsByid` int(11) DEFAULT NULL,
  PRIMARY KEY (`id`)
) ENGINE=InnoDB DEFAULT CHARSET=utf8mb4 COLLATE=utf8mb4_general_ci;

TRUNCATE `otp_config`;
INSERT INTO `otp_config` (`id`, `label`, `maxAttemp`, `lenght`, `duration`, `isHash`, `detailsCreatedat`, `detailsUpdatedat`, `detailsByid`) VALUES
(3,	'default',	3,	4,	15,	0,	'2024-08-12 16:00:33.663793',	'2024-08-12 16:00:33.663793',	1);

DROP TABLE IF EXISTS `partner`;
CREATE TABLE `partner` (
  `id` int(11) NOT NULL AUTO_INCREMENT,
  `phone` varchar(255) NOT NULL,
  `isActive` tinyint(4) NOT NULL DEFAULT 0,
  `isBloqued` tinyint(4) NOT NULL DEFAULT 1,
  `email` varchar(255) DEFAULT NULL,
  `imagePath` varchar(255) DEFAULT NULL,
  `parentId` int(11) DEFAULT NULL,
  `type` varchar(255) NOT NULL,
  `shortname` varchar(255) DEFAULT NULL,
  `description` text DEFAULT NULL,
  `name` varchar(255) DEFAULT NULL,
  `closingTime` time DEFAULT '23:00:00',
  `openingTime` time DEFAULT '08:00:00',
  `fees` double DEFAULT NULL,
  `invertFees` double DEFAULT NULL,
  `firstname` varchar(255) DEFAULT NULL,
  `lastname` varchar(255) DEFAULT NULL,
  `isPhoneVeirified` tinyint(4) DEFAULT 0,
  `externalId` varchar(255) DEFAULT NULL,
  `contratId` int(11) DEFAULT NULL,
  `locationLatitude` double DEFAULT 0,
  `locationLongitude` double DEFAULT 0,
  `detailsCreatedat` datetime(6) DEFAULT current_timestamp(6),
  `detailsUpdatedat` datetime(6) DEFAULT current_timestamp(6) ON UPDATE current_timestamp(6),
  `detailsByid` int(11) DEFAULT NULL,
  `coordonatesLatitude` double DEFAULT 0,
  `coordonatesLongitude` double DEFAULT 0,
  `cityId` int(11) DEFAULT NULL,
  `address` varchar(255) DEFAULT NULL,
  `establishmentTypeId` int(11) DEFAULT NULL,
  PRIMARY KEY (`id`),
  UNIQUE KEY `IDX_39ba44d32530f1c7076c182ebc` (`email`),
  UNIQUE KEY `IDX_efaacc51aefe5130c51816d81a` (`phone`,`parentId`)
) ENGINE=InnoDB DEFAULT CHARSET=utf8mb4 COLLATE=utf8mb4_general_ci;

TRUNCATE `partner`;
INSERT INTO `partner` (`id`, `phone`, `isActive`, `isBloqued`, `email`, `imagePath`, `parentId`, `type`, `shortname`, `description`, `name`, `closingTime`, `openingTime`, `fees`, `invertFees`, `firstname`, `lastname`, `isPhoneVeirified`, `externalId`, `contratId`, `locationLatitude`, `locationLongitude`, `detailsCreatedat`, `detailsUpdatedat`, `detailsByid`, `coordonatesLatitude`, `coordonatesLongitude`, `cityId`, `address`, `establishmentTypeId`) VALUES
(1,	'2211000000',	1,	0,	'senResto@gmail.com',	'https://senrestodev.s3.amazonaws.com/public/dev/3fc3e0b3095a24c13721b3a711a7345a.png',	NULL,	'CompanyRestaurant',	'Sen Resto',	'',	'Sen Resto',	'23:00:00',	'08:00:00',	NULL,	NULL,	NULL,	NULL,	0,	NULL,	NULL,	14,	17,	'2024-08-12 16:00:15.773000',	'2024-08-22 17:54:13.000000',	1,	0,	0,	61498,	'Rond point Almahdi ',	NULL),
(2,	'22177089898',	1,	0,	'djiga2015@gmail.com',	'https://senrestodev.s3.amazonaws.com/public/dev/166cb4edd49842bf910d110a6efd6c8fb8.png',	1,	'Restaurant',	'sen resto',	'Djiga salane',	'Sen Resto Almadi',	'23:00:00',	'12:00:00',	NULL,	NULL,	NULL,	NULL,	0,	NULL,	NULL,	0,	0,	'2024-08-17 14:09:09.896000',	'2024-08-17 23:11:42.505000',	1,	0,	0,	61484,	NULL,	NULL),
(3,	'7770000002',	1,	1,	'kfc@yupmail.com',	'https://senrestodev.s3.amazonaws.com/public/dev/81b5b2957c4621064f010a8246c252c3c5.png',	1,	'CompanyRestaurant',	'KFC',	'KFC, qui signifie Kentucky Fried Chicken, est une chaîne de restauration rapide américaine spécialisée dans le poulet frit. Fondée par le Colonel Harland Sanders en 1952 à Louisville, dans le Kentucky, KFC est reconnue pour son poulet préparé selon une recette secrète contenant un mélange unique de 11 herbes et épices. La marque est célèbre pour ses seaux de poulet, ainsi que pour d\'autres produits comme les sandwichs, les wraps, et divers accompagnements.\r\n\r\nKFC est aujourd\'hui l\'une des plus grandes chaînes de restauration rapide au monde, avec des milliers de restaurants dans plus de 150 pays.',	'Kentucky Fried Chicken',	'23:00:00',	'08:00:00',	NULL,	NULL,	NULL,	NULL,	0,	NULL,	NULL,	14,	18,	'2024-08-19 11:05:04.341000',	'2024-08-19 16:11:37.000000',	1,	0,	0,	61486,	'pikine ',	NULL),
(4,	'770000001',	1,	0,	'cash@gmail.com',	'https://senrestodev.s3.amazonaws.com/public/dev/d926076b74206ea58d407cb496da8d1b.png',	1,	'PaymentType',	'cash',	NULL,	'cash',	'23:00:00',	'08:00:00',	0,	0,	NULL,	NULL,	0,	NULL,	NULL,	0,	0,	'2024-08-20 22:45:48.885000',	'2024-08-20 22:45:48.885000',	1,	0,	0,	NULL,	NULL,	NULL),
(5,	'7723333445',	0,	0,	'om@gmail.com',	'https://senrestodev.s3.amazonaws.com/public/dev/a72ac3c91c7a3e10883b60dd87d91c85.png',	1,	'PaymentType',	'OM',	NULL,	'orange money',	'23:00:00',	'08:00:00',	1,	1,	NULL,	NULL,	0,	NULL,	NULL,	0,	0,	'2024-08-20 22:51:29.319000',	'2024-08-20 22:51:29.319000',	1,	0,	0,	NULL,	NULL,	NULL),
(6,	'772367887',	0,	0,	'wave',	'https://senrestodev.s3.amazonaws.com/public/dev/4d91228864e103d2beb6e21cc3e280d97.jpg',	1,	'PaymentType',	'wave',	'wave',	'wave',	'23:00:00',	'08:00:00',	12,	3,	NULL,	NULL,	0,	NULL,	NULL,	0,	0,	'2024-08-21 01:19:06.649000',	'2024-08-21 01:19:06.649000',	1,	0,	0,	NULL,	NULL,	NULL),
(7,	'221772732345',	1,	1,	'djolof@yopmail.com',	'https://senrestodev.s3.amazonaws.com/public/dev/5b1ccc33c993a23fca8d5b1e2c26ddcb.png',	1,	'CompanyRestaurant',	'Djolof Chiken',	'Djolof Chicken est une chaîne de restauration rapide bien établie au Sénégal, spécialisée dans les plats à base de poulet. Inspirée par la célèbre recette de poulet frit à l\'américaine, Djolof Chicken propose une version locale adaptée aux goûts sénégalais. Cette enseigne a su se faire une place parmi les options de fast-food disponibles à Dakar et dans d\'autres villes du Sénégal, en offrant des repas savoureux et abordables.',	'Djolof Chiken',	'23:00:00',	'08:00:00',	NULL,	NULL,	NULL,	NULL,	0,	NULL,	NULL,	14.866310049116002,	-17.533705297662458,	'2024-08-22 17:37:02.393000',	'2024-08-22 17:40:26.000000',	1,	0,	0,	61498,	'Almahdi ',	NULL),
(8,	'772371668',	0,	0,	'kfc0@gmail.com',	NULL,	3,	'Restaurant',	'kfc',	'no description',	'Kfc Almahdi',	'23:00:00',	'08:00:00',	NULL,	NULL,	NULL,	NULL,	0,	NULL,	NULL,	0,	0,	'2024-08-22 20:51:32.542698',	'2024-08-22 20:51:32.542698',	7,	0,	0,	61498,	'almahdi',	NULL),
(9,	'221772371668',	0,	0,	NULL,	NULL,	NULL,	'Customer',	NULL,	NULL,	NULL,	'23:00:00',	'08:00:00',	NULL,	NULL,	'Djiga',	'Salane',	0,	NULL,	NULL,	0,	0,	'2024-08-22 21:44:46.665000',	'2024-08-25 00:37:21.000000',	NULL,	0,	0,	NULL,	'pikine',	NULL),
(10,	'22177456789',	1,	0,	'Tacos@yupmail.com',	'https://senrestodev.s3.amazonaws.com/public/dev/e3e5335a83beb0bf73913f95a5edd453.png',	1,	'Restaurant',	'Tacos',	'no description',	'Tacos',	'23:00:00',	'08:00:00',	NULL,	NULL,	NULL,	NULL,	0,	NULL,	NULL,	0,	0,	'2024-08-23 17:52:45.588000',	'2024-09-09 01:53:12.000000',	1,	0,	0,	61504,	'pikine icotaf',	NULL),
(11,	'22177756567',	0,	0,	'ddd@yopmail.com',	'https://senrestodev.s3.amazonaws.com/public/dev/bd87ffc810479bccfb7f321859dbffe103.png',	1,	'Coorporate',	'DDD',	'no description',	'Dakar Dem Dik',	'23:00:00',	'08:00:00',	NULL,	NULL,	NULL,	NULL,	0,	NULL,	NULL,	0,	0,	'2024-08-23 21:02:16.028000',	'2024-08-23 21:02:16.028000',	1,	0,	0,	61498,	'Ngor',	NULL),
(12,	'221772376678',	0,	0,	NULL,	NULL,	NULL,	'Deliver',	NULL,	NULL,	NULL,	'23:00:00',	'08:00:00',	NULL,	NULL,	'Mamadou',	'diop',	0,	NULL,	NULL,	0,	0,	'2024-08-23 23:29:45.453396',	'2024-08-23 23:29:45.453396',	NULL,	0,	0,	88982,	'pikine',	NULL),
(14,	'22177000001234',	0,	0,	NULL,	NULL,	NULL,	'Deliver',	NULL,	NULL,	NULL,	'23:00:00',	'08:00:00',	NULL,	NULL,	'Mamadou',	'diop',	0,	NULL,	NULL,	0,	0,	'2024-08-23 23:30:01.202082',	'2024-08-23 23:30:01.202082',	NULL,	0,	0,	88982,	'pikine',	NULL),
(16,	'22177677898',	0,	0,	'AA123545D',	NULL,	NULL,	'Deliver',	NULL,	NULL,	NULL,	'23:00:00',	'08:00:00',	NULL,	NULL,	'Baye Talla ',	'Salane',	0,	NULL,	NULL,	0,	0,	'2024-08-25 16:04:56.939193',	'2024-08-25 16:04:56.939193',	NULL,	0,	0,	88944,	'pikine',	NULL),
(17,	'221772345678',	1,	0,	'ChezKecthup@yopmail.com',	'https://senrestodev.s3.amazonaws.com/public/dev/ad275306d636a7b318f225fba7b3d869.jpg',	1,	'Restaurant',	'Chez Kecthup',	'no description',	'Chez Kecthup',	'23:00:00',	'08:00:00',	NULL,	NULL,	NULL,	NULL,	0,	NULL,	NULL,	0,	0,	'2024-09-02 01:49:06.353000',	'2024-09-02 01:49:06.353000',	1,	0,	0,	61490,	'yoff',	NULL),
(18,	'221776778987',	0,	0,	'cashpay@yopmail.com',	'https://senrestodev.s3.amazonaws.com/public/dev/e524bb1e199e4f7c4ffafc83f4e21ee2.png',	1,	'PaymentType',	'free',	'paiement a l arriver',	'free money',	'23:00:00',	'08:00:00',	2,	2,	NULL,	NULL,	0,	NULL,	NULL,	0,	0,	'2024-09-03 16:21:01.992000',	'2024-09-03 16:21:01.992000',	1,	0,	0,	NULL,	NULL,	NULL),
(21,	'221773345678',	1,	0,	'MaisonKaeser@yopmail.com',	'https://senrestodev.s3.amazonaws.com/public/dev/794fd0e836ef8375a9c7e0538b27fe93.jpg',	1,	'CompanyRestaurant',	'Maison Kaeser',	'no description',	'Maison Kaeser',	'23:00:00',	'08:00:00',	NULL,	NULL,	NULL,	NULL,	0,	NULL,	NULL,	0,	0,	'2024-09-04 10:56:24.260000',	'2024-09-04 10:56:24.260000',	1,	0,	0,	61484,	'dakar soumbedioum',	NULL),
(22,	'22177678987',	1,	0,	'kathia@yopmail.com',	'https://senrestodev.s3.amazonaws.com/public/dev/a89291a14b8104b7721ee1675a768810b.jpg',	1,	'CompanyRestaurant',	'Chez Kathia',	'no descriptiuon',	'Chez Kathia',	'23:00:00',	'08:00:00',	NULL,	NULL,	NULL,	NULL,	0,	NULL,	NULL,	0,	0,	'2024-09-08 21:25:07.969000',	'2024-09-08 21:25:07.969000',	1,	0,	0,	61490,	NULL,	NULL);

DROP TABLE IF EXISTS `permission`;
CREATE TABLE `permission` (
  `id` int(11) NOT NULL AUTO_INCREMENT,
  `isActive` tinyint(4) NOT NULL DEFAULT 1,
  `name` varchar(255) NOT NULL,
  `code` varchar(255) DEFAULT NULL,
  `description` varchar(255) DEFAULT NULL,
  `moduleId` int(11) DEFAULT NULL,
  `action` enum('update','create','details','read','delete','*') NOT NULL,
  `detailsCreatedat` datetime(6) NOT NULL DEFAULT current_timestamp(6),
  `detailsUpdatedat` datetime(6) NOT NULL DEFAULT current_timestamp(6) ON UPDATE current_timestamp(6),
  `detailsByid` int(11) DEFAULT NULL,
  PRIMARY KEY (`id`),
  UNIQUE KEY `IDX_30e166e8c6359970755c5727a2` (`code`),
  KEY `FK_18f3ac6d3f1e3e6b5e3f8123289` (`moduleId`),
  KEY `FK_93295cefac53a3d6944d300a965` (`detailsByid`),
  CONSTRAINT `FK_18f3ac6d3f1e3e6b5e3f8123289` FOREIGN KEY (`moduleId`) REFERENCES `module` (`id`) ON DELETE NO ACTION ON UPDATE NO ACTION,
  CONSTRAINT `FK_93295cefac53a3d6944d300a965` FOREIGN KEY (`detailsByid`) REFERENCES `user` (`id`) ON DELETE NO ACTION ON UPDATE NO ACTION
) ENGINE=InnoDB DEFAULT CHARSET=utf8mb4 COLLATE=utf8mb4_general_ci;

TRUNCATE `permission`;
INSERT INTO `permission` (`id`, `isActive`, `name`, `code`, `description`, `moduleId`, `action`, `detailsCreatedat`, `detailsUpdatedat`, `detailsByid`) VALUES
(1,	1,	'read_root',	'read_root',	NULL,	1,	'read',	'2024-08-12 16:00:15.298370',	'2024-08-12 16:00:15.298370',	NULL),
(2,	1,	'create_root',	'create_root',	NULL,	1,	'create',	'2024-08-12 16:00:15.304673',	'2024-08-12 16:00:15.304673',	NULL),
(3,	1,	'details_root',	'details_root',	NULL,	1,	'details',	'2024-08-12 16:00:15.399060',	'2024-08-12 16:00:15.399060',	NULL),
(4,	1,	'delete_root',	'delete_root',	NULL,	1,	'delete',	'2024-08-12 16:00:15.408034',	'2024-08-12 16:00:15.408034',	NULL),
(5,	1,	'update_root',	'update_root',	NULL,	1,	'update',	'2024-08-12 16:00:15.428083',	'2024-08-12 16:00:15.428083',	NULL),
(6,	1,	'*_root',	'*_root',	NULL,	1,	'*',	'2024-08-12 16:00:15.440445',	'2024-08-12 16:00:15.440445',	NULL),
(7,	1,	'create_assignment',	'create_assignment',	NULL,	2,	'create',	'2024-08-12 16:00:33.664802',	'2024-08-12 16:00:33.664802',	NULL),
(8,	1,	'read_card_allocation',	'read_card_allocation',	NULL,	3,	'read',	'2024-08-12 16:00:33.666065',	'2024-08-12 16:00:33.666065',	NULL),
(9,	1,	'create_card_allocation',	'create_card_allocation',	NULL,	3,	'create',	'2024-08-12 16:00:33.666976',	'2024-08-12 16:00:33.666976',	NULL),
(10,	1,	'delete_assignment',	'delete_assignment',	NULL,	2,	'delete',	'2024-08-12 16:00:33.667464',	'2024-08-12 16:00:33.667464',	NULL),
(11,	1,	'read_assignment',	'read_assignment',	NULL,	2,	'read',	'2024-08-12 16:00:33.670526',	'2024-08-12 16:00:33.670526',	NULL),
(12,	1,	'details_assignment',	'details_assignment',	NULL,	2,	'details',	'2024-08-12 16:00:33.677072',	'2024-08-12 16:00:33.677072',	NULL),
(13,	1,	'*_assignment',	'*_assignment',	NULL,	2,	'*',	'2024-08-12 16:00:33.678033',	'2024-08-12 16:00:33.678033',	NULL),
(14,	1,	'update_assignment',	'update_assignment',	NULL,	2,	'update',	'2024-08-12 16:00:33.680735',	'2024-08-12 16:00:33.680735',	NULL),
(15,	1,	'update_card_allocation',	'update_card_allocation',	NULL,	3,	'update',	'2024-08-12 16:00:33.685145',	'2024-08-12 16:00:33.685145',	NULL),
(16,	1,	'read_card_allocation_details',	'read_card_allocation_details',	NULL,	4,	'read',	'2024-08-12 16:00:33.689187',	'2024-08-12 16:00:33.689187',	NULL),
(17,	1,	'update_card_allocation_details',	'update_card_allocation_details',	NULL,	4,	'update',	'2024-08-12 16:00:33.689176',	'2024-08-12 16:00:33.689176',	NULL),
(18,	1,	'delete_card_allocation_details',	'delete_card_allocation_details',	NULL,	4,	'delete',	'2024-08-12 16:00:33.690269',	'2024-08-12 16:00:33.690269',	NULL),
(19,	1,	'details_card_allocation_details',	'details_card_allocation_details',	NULL,	4,	'details',	'2024-08-12 16:00:33.690663',	'2024-08-12 16:00:33.690663',	NULL),
(20,	1,	'create_category',	'create_category',	NULL,	5,	'create',	'2024-08-12 16:00:33.691008',	'2024-08-12 16:00:33.691008',	NULL),
(21,	1,	'*_card_allocation_details',	'*_card_allocation_details',	NULL,	4,	'*',	'2024-08-12 16:00:33.699077',	'2024-08-12 16:00:33.699077',	NULL),
(22,	1,	'*_card_allocation',	'*_card_allocation',	NULL,	3,	'*',	'2024-08-12 16:00:33.701541',	'2024-08-12 16:00:33.701541',	NULL),
(23,	1,	'details_card_allocation',	'details_card_allocation',	NULL,	3,	'details',	'2024-08-12 16:00:33.702924',	'2024-08-12 16:00:33.702924',	NULL),
(24,	1,	'delete_card_allocation',	'delete_card_allocation',	NULL,	3,	'delete',	'2024-08-12 16:00:33.703682',	'2024-08-12 16:00:33.703682',	NULL),
(25,	1,	'read_category',	'read_category',	NULL,	5,	'read',	'2024-08-12 16:00:33.704051',	'2024-08-12 16:00:33.704051',	NULL),
(26,	1,	'update_category',	'update_category',	NULL,	5,	'update',	'2024-08-12 16:00:33.704845',	'2024-08-12 16:00:33.704845',	NULL),
(27,	1,	'create_card_allocation_details',	'create_card_allocation_details',	NULL,	4,	'create',	'2024-08-12 16:00:33.706305',	'2024-08-12 16:00:33.706305',	NULL),
(28,	1,	'*_category',	'*_category',	NULL,	5,	'*',	'2024-08-12 16:00:33.709324',	'2024-08-12 16:00:33.709324',	NULL),
(29,	1,	'delete_category',	'delete_category',	NULL,	5,	'delete',	'2024-08-12 16:00:33.712277',	'2024-08-12 16:00:33.712277',	NULL),
(30,	1,	'details_category',	'details_category',	NULL,	5,	'details',	'2024-08-12 16:00:33.712738',	'2024-08-12 16:00:33.712738',	NULL),
(31,	1,	'delete_city',	'delete_city',	NULL,	6,	'delete',	'2024-08-12 16:00:33.713841',	'2024-08-12 16:00:33.713841',	NULL),
(32,	1,	'create_city',	'create_city',	NULL,	6,	'create',	'2024-08-12 16:00:33.714807',	'2024-08-12 16:00:33.714807',	NULL),
(33,	1,	'details_city',	'details_city',	NULL,	6,	'details',	'2024-08-12 16:00:33.716973',	'2024-08-12 16:00:33.716973',	NULL),
(34,	1,	'update_city',	'update_city',	NULL,	6,	'update',	'2024-08-12 16:00:33.719295',	'2024-08-12 16:00:33.719295',	NULL),
(35,	1,	'create_card',	'create_card',	NULL,	7,	'create',	'2024-08-12 16:00:33.720833',	'2024-08-12 16:00:33.720833',	NULL),
(36,	1,	'read_city',	'read_city',	NULL,	6,	'read',	'2024-08-12 16:00:33.721555',	'2024-08-12 16:00:33.721555',	NULL),
(37,	1,	'*_city',	'*_city',	NULL,	6,	'*',	'2024-08-12 16:00:33.722273',	'2024-08-12 16:00:33.722273',	NULL),
(38,	1,	'read_card',	'read_card',	NULL,	7,	'read',	'2024-08-12 16:00:33.725564',	'2024-08-12 16:00:33.725564',	NULL),
(39,	1,	'update_card',	'update_card',	NULL,	7,	'update',	'2024-08-12 16:00:33.725917',	'2024-08-12 16:00:33.725917',	NULL),
(40,	1,	'delete_card',	'delete_card',	NULL,	7,	'delete',	'2024-08-12 16:00:33.726657',	'2024-08-12 16:00:33.726657',	NULL),
(41,	1,	'*_card',	'*_card',	NULL,	7,	'*',	'2024-08-12 16:00:33.728941',	'2024-08-12 16:00:33.728941',	NULL),
(42,	1,	'delete_commune',	'delete_commune',	NULL,	8,	'delete',	'2024-08-12 16:00:33.729787',	'2024-08-12 16:00:33.729787',	NULL),
(43,	1,	'read_commune',	'read_commune',	NULL,	8,	'read',	'2024-08-12 16:00:33.731098',	'2024-08-12 16:00:33.731098',	NULL),
(44,	1,	'details_card',	'details_card',	NULL,	7,	'details',	'2024-08-12 16:00:33.731845',	'2024-08-12 16:00:33.731845',	NULL),
(45,	1,	'create_commune',	'create_commune',	NULL,	8,	'create',	'2024-08-12 16:00:33.732203',	'2024-08-12 16:00:33.732203',	NULL),
(46,	1,	'create_commission',	'create_commission',	NULL,	9,	'create',	'2024-08-12 16:00:33.736611',	'2024-08-12 16:00:33.736611',	NULL),
(47,	1,	'details_commune',	'details_commune',	NULL,	8,	'details',	'2024-08-12 16:00:33.737478',	'2024-08-12 16:00:33.737478',	NULL),
(48,	1,	'*_commune',	'*_commune',	NULL,	8,	'*',	'2024-08-12 16:00:33.737796',	'2024-08-12 16:00:33.737796',	NULL),
(49,	1,	'update_commune',	'update_commune',	NULL,	8,	'update',	'2024-08-12 16:00:33.738298',	'2024-08-12 16:00:33.738298',	NULL),
(50,	1,	'read_contrat',	'read_contrat',	NULL,	10,	'read',	'2024-08-12 16:00:33.739804',	'2024-08-12 16:00:33.739804',	NULL),
(51,	1,	'update_commission',	'update_commission',	NULL,	9,	'update',	'2024-08-12 16:00:33.741874',	'2024-08-12 16:00:33.741874',	NULL),
(52,	1,	'delete_commission',	'delete_commission',	NULL,	9,	'delete',	'2024-08-12 16:00:33.743492',	'2024-08-12 16:00:33.743492',	NULL),
(53,	1,	'details_commission',	'details_commission',	NULL,	9,	'details',	'2024-08-12 16:00:33.748952',	'2024-08-12 16:00:33.748952',	NULL),
(54,	1,	'create_contrat',	'create_contrat',	NULL,	10,	'create',	'2024-08-12 16:00:33.748991',	'2024-08-12 16:00:33.748991',	NULL),
(55,	1,	'delete_contrat',	'delete_contrat',	NULL,	10,	'delete',	'2024-08-12 16:00:33.751654',	'2024-08-12 16:00:33.751654',	NULL),
(56,	1,	'read_commission',	'read_commission',	NULL,	9,	'read',	'2024-08-12 16:00:33.752722',	'2024-08-12 16:00:33.752722',	NULL),
(57,	1,	'*_commission',	'*_commission',	NULL,	9,	'*',	'2024-08-12 16:00:33.752701',	'2024-08-12 16:00:33.752701',	NULL),
(58,	1,	'*_contrat',	'*_contrat',	NULL,	10,	'*',	'2024-08-12 16:00:33.754426',	'2024-08-12 16:00:33.754426',	NULL),
(59,	1,	'update_contrat',	'update_contrat',	NULL,	10,	'update',	'2024-08-12 16:00:33.755521',	'2024-08-12 16:00:33.755521',	NULL),
(60,	1,	'details_contrat',	'details_contrat',	NULL,	10,	'details',	'2024-08-12 16:00:33.757153',	'2024-08-12 16:00:33.757153',	NULL),
(61,	1,	'read_module',	'read_module',	NULL,	11,	'read',	'2024-08-12 16:00:33.758220',	'2024-08-12 16:00:33.758220',	NULL),
(62,	1,	'create_module',	'create_module',	NULL,	11,	'create',	'2024-08-12 16:00:33.759933',	'2024-08-12 16:00:33.759933',	NULL),
(63,	1,	'details_module',	'details_module',	NULL,	11,	'details',	'2024-08-12 16:00:33.760874',	'2024-08-12 16:00:33.760874',	NULL),
(64,	1,	'create_partner',	'create_partner',	NULL,	12,	'create',	'2024-08-12 16:00:33.761387',	'2024-08-12 16:00:33.761387',	NULL),
(65,	1,	'read_partner',	'read_partner',	NULL,	12,	'read',	'2024-08-12 16:00:33.763447',	'2024-08-12 16:00:33.763447',	NULL),
(66,	1,	'details_partner',	'details_partner',	NULL,	12,	'details',	'2024-08-12 16:00:33.768714',	'2024-08-12 16:00:33.768714',	NULL),
(67,	1,	'update_module',	'update_module',	NULL,	11,	'update',	'2024-08-12 16:00:33.769249',	'2024-08-12 16:00:33.769249',	NULL),
(68,	1,	'delete_module',	'delete_module',	NULL,	11,	'delete',	'2024-08-12 16:00:33.771327',	'2024-08-12 16:00:33.771327',	NULL),
(69,	1,	'*_module',	'*_module',	NULL,	11,	'*',	'2024-08-12 16:00:33.771762',	'2024-08-12 16:00:33.771762',	NULL),
(70,	1,	'update_partner',	'update_partner',	NULL,	12,	'update',	'2024-08-12 16:00:33.772393',	'2024-08-12 16:00:33.772393',	NULL),
(71,	1,	'create_otp',	'create_otp',	NULL,	13,	'create',	'2024-08-12 16:00:33.773413',	'2024-08-12 16:00:33.773413',	NULL),
(72,	1,	'*_partner',	'*_partner',	NULL,	12,	'*',	'2024-08-12 16:00:33.776174',	'2024-08-12 16:00:33.776174',	NULL),
(73,	1,	'delete_partner',	'delete_partner',	NULL,	12,	'delete',	'2024-08-12 16:00:33.776794',	'2024-08-12 16:00:33.776794',	NULL),
(74,	1,	'delete_otp',	'delete_otp',	NULL,	13,	'delete',	'2024-08-12 16:00:33.778116',	'2024-08-12 16:00:33.778116',	NULL),
(75,	1,	'read_order_product',	'read_order_product',	NULL,	14,	'read',	'2024-08-12 16:00:33.780228',	'2024-08-12 16:00:33.780228',	NULL),
(76,	1,	'update_otp',	'update_otp',	NULL,	13,	'update',	'2024-08-12 16:00:33.781124',	'2024-08-12 16:00:33.781124',	NULL),
(77,	1,	'read_otp',	'read_otp',	NULL,	13,	'read',	'2024-08-12 16:00:33.781725',	'2024-08-12 16:00:33.781725',	NULL),
(78,	1,	'*_otp',	'*_otp',	NULL,	13,	'*',	'2024-08-12 16:00:33.782324',	'2024-08-12 16:00:33.782324',	NULL),
(79,	1,	'create_order_product',	'create_order_product',	NULL,	14,	'create',	'2024-08-12 16:00:33.785943',	'2024-08-12 16:00:33.785943',	NULL),
(80,	1,	'details_otp',	'details_otp',	NULL,	13,	'details',	'2024-08-12 16:00:33.787208',	'2024-08-12 16:00:33.787208',	NULL),
(81,	1,	'details_order_product',	'details_order_product',	NULL,	14,	'details',	'2024-08-12 16:00:33.787847',	'2024-08-12 16:00:33.787847',	NULL),
(82,	1,	'*_order_product',	'*_order_product',	NULL,	14,	'*',	'2024-08-12 16:00:33.789134',	'2024-08-12 16:00:33.789134',	NULL),
(83,	1,	'delete_order_product',	'delete_order_product',	NULL,	14,	'delete',	'2024-08-12 16:00:33.790317',	'2024-08-12 16:00:33.790317',	NULL),
(84,	1,	'update_order_product',	'update_order_product',	NULL,	14,	'update',	'2024-08-12 16:00:33.791043',	'2024-08-12 16:00:33.791043',	NULL),
(85,	1,	'read_banner',	'read_banner',	NULL,	15,	'read',	'2024-08-12 16:00:33.795619',	'2024-08-12 16:00:33.795619',	NULL),
(86,	1,	'create_order',	'create_order',	NULL,	16,	'create',	'2024-08-12 16:00:33.796767',	'2024-08-12 16:00:33.796767',	NULL),
(87,	1,	'update_banner',	'update_banner',	NULL,	15,	'update',	'2024-08-12 16:00:33.798286',	'2024-08-12 16:00:33.798286',	NULL),
(88,	1,	'delete_banner',	'delete_banner',	NULL,	15,	'delete',	'2024-08-12 16:00:33.798696',	'2024-08-12 16:00:33.798696',	NULL),
(89,	1,	'read_order',	'read_order',	NULL,	16,	'read',	'2024-08-12 16:00:33.799051',	'2024-08-12 16:00:33.799051',	NULL),
(90,	1,	'create_banner',	'create_banner',	NULL,	15,	'create',	'2024-08-12 16:00:33.801511',	'2024-08-12 16:00:33.801511',	NULL),
(91,	1,	'details_banner',	'details_banner',	NULL,	15,	'details',	'2024-08-12 16:00:33.803733',	'2024-08-12 16:00:33.803733',	NULL),
(92,	1,	'details_order',	'details_order',	NULL,	16,	'details',	'2024-08-12 16:00:33.804687',	'2024-08-12 16:00:33.804687',	NULL),
(93,	1,	'*_order',	'*_order',	NULL,	16,	'*',	'2024-08-12 16:00:33.807598',	'2024-08-12 16:00:33.807598',	NULL),
(94,	1,	'create_product',	'create_product',	NULL,	17,	'create',	'2024-08-12 16:00:33.812754',	'2024-08-12 16:00:33.812754',	NULL),
(95,	1,	'update_order',	'update_order',	NULL,	16,	'update',	'2024-08-12 16:00:33.814867',	'2024-08-12 16:00:33.814867',	NULL),
(96,	1,	'delete_order',	'delete_order',	NULL,	16,	'delete',	'2024-08-12 16:00:33.816036',	'2024-08-12 16:00:33.816036',	NULL),
(97,	1,	'*_banner',	'*_banner',	NULL,	15,	'*',	'2024-08-12 16:00:33.816660',	'2024-08-12 16:00:33.816660',	NULL),
(98,	1,	'read_product',	'read_product',	NULL,	17,	'read',	'2024-08-12 16:00:33.818582',	'2024-08-12 16:00:33.818582',	NULL),
(99,	1,	'*_product',	'*_product',	NULL,	17,	'*',	'2024-08-12 16:00:33.822352',	'2024-08-12 16:00:33.822352',	NULL),
(100,	1,	'delete_product',	'delete_product',	NULL,	17,	'delete',	'2024-08-12 16:00:33.824937',	'2024-08-12 16:00:33.824937',	NULL),
(101,	1,	'create_otp_config',	'create_otp_config',	NULL,	18,	'create',	'2024-08-12 16:00:33.825549',	'2024-08-12 16:00:33.825549',	NULL),
(102,	1,	'read_otp_config',	'read_otp_config',	NULL,	18,	'read',	'2024-08-12 16:00:33.827220',	'2024-08-12 16:00:33.827220',	NULL),
(103,	1,	'details_product',	'details_product',	NULL,	17,	'details',	'2024-08-12 16:00:33.828426',	'2024-08-12 16:00:33.828426',	NULL),
(104,	1,	'update_product',	'update_product',	NULL,	17,	'update',	'2024-08-12 16:00:33.830327',	'2024-08-12 16:00:33.830327',	NULL),
(105,	1,	'delete_otp_config',	'delete_otp_config',	NULL,	18,	'delete',	'2024-08-12 16:00:33.831083',	'2024-08-12 16:00:33.831083',	NULL),
(106,	1,	'update_otp_config',	'update_otp_config',	NULL,	18,	'update',	'2024-08-12 16:00:33.833156',	'2024-08-12 16:00:33.833156',	NULL),
(107,	1,	'update_product_category_category',	'update_product_category_category',	NULL,	19,	'update',	'2024-08-12 16:00:33.838255',	'2024-08-12 16:00:33.838255',	NULL),
(108,	1,	'details_otp_config',	'details_otp_config',	NULL,	18,	'details',	'2024-08-12 16:00:33.841173',	'2024-08-12 16:00:33.841173',	NULL),
(109,	1,	'create_product_category_category',	'create_product_category_category',	NULL,	19,	'create',	'2024-08-12 16:00:33.841772',	'2024-08-12 16:00:33.841772',	NULL),
(110,	1,	'details_product_category_category',	'details_product_category_category',	NULL,	19,	'details',	'2024-08-12 16:00:33.843181',	'2024-08-12 16:00:33.843181',	NULL),
(111,	1,	'read_product_category_category',	'read_product_category_category',	NULL,	19,	'read',	'2024-08-12 16:00:33.844530',	'2024-08-12 16:00:33.844530',	NULL),
(112,	1,	'delete_product_category_category',	'delete_product_category_category',	NULL,	19,	'delete',	'2024-08-12 16:00:33.845581',	'2024-08-12 16:00:33.845581',	NULL),
(113,	1,	'*_otp_config',	'*_otp_config',	NULL,	18,	'*',	'2024-08-12 16:00:33.847237',	'2024-08-12 16:00:33.847237',	NULL),
(114,	1,	'create_permission',	'create_permission',	NULL,	20,	'create',	'2024-08-12 16:00:33.852708',	'2024-08-12 16:00:33.852708',	NULL),
(115,	1,	'*_product_category_category',	'*_product_category_category',	NULL,	19,	'*',	'2024-08-12 16:00:33.853618',	'2024-08-12 16:00:33.853618',	NULL),
(116,	1,	'update_permission',	'update_permission',	NULL,	20,	'update',	'2024-08-12 16:00:33.854315',	'2024-08-12 16:00:33.854315',	NULL),
(117,	1,	'read_permission',	'read_permission',	NULL,	20,	'read',	'2024-08-12 16:00:33.857437',	'2024-08-12 16:00:33.857437',	NULL),
(118,	1,	'read_product_file',	'read_product_file',	NULL,	21,	'read',	'2024-08-12 16:00:33.858831',	'2024-08-12 16:00:33.858831',	NULL),
(119,	1,	'delete_permission',	'delete_permission',	NULL,	20,	'delete',	'2024-08-12 16:00:33.861078',	'2024-08-12 16:00:33.861078',	NULL),
(120,	1,	'update_product_file',	'update_product_file',	NULL,	21,	'update',	'2024-08-12 16:00:33.866922',	'2024-08-12 16:00:33.866922',	NULL),
(121,	1,	'create_product_file',	'create_product_file',	NULL,	21,	'create',	'2024-08-12 16:00:33.867839',	'2024-08-12 16:00:33.867839',	NULL),
(122,	1,	'details_permission',	'details_permission',	NULL,	20,	'details',	'2024-08-12 16:00:33.868319',	'2024-08-12 16:00:33.868319',	NULL),
(123,	1,	'details_product_file',	'details_product_file',	NULL,	21,	'details',	'2024-08-12 16:00:33.869279',	'2024-08-12 16:00:33.869279',	NULL),
(124,	1,	'*_permission',	'*_permission',	NULL,	20,	'*',	'2024-08-12 16:00:33.870038',	'2024-08-12 16:00:33.870038',	NULL),
(125,	1,	'create_region',	'create_region',	NULL,	22,	'create',	'2024-08-12 16:00:33.870966',	'2024-08-12 16:00:33.870966',	NULL),
(126,	1,	'delete_product_file',	'delete_product_file',	NULL,	21,	'delete',	'2024-08-12 16:00:33.871941',	'2024-08-12 16:00:33.871941',	NULL),
(127,	1,	'delete_region',	'delete_region',	NULL,	22,	'delete',	'2024-08-12 16:00:33.876554',	'2024-08-12 16:00:33.876554',	NULL),
(128,	1,	'read_region',	'read_region',	NULL,	22,	'read',	'2024-08-12 16:00:33.878119',	'2024-08-12 16:00:33.878119',	NULL),
(129,	1,	'details_region',	'details_region',	NULL,	22,	'details',	'2024-08-12 16:00:33.879172',	'2024-08-12 16:00:33.879172',	NULL),
(130,	1,	'*_product_file',	'*_product_file',	NULL,	21,	'*',	'2024-08-12 16:00:33.880856',	'2024-08-12 16:00:33.880856',	NULL),
(131,	1,	'update_region',	'update_region',	NULL,	22,	'update',	'2024-08-12 16:00:33.884660',	'2024-08-12 16:00:33.884660',	NULL),
(132,	1,	'create_product_history',	'create_product_history',	NULL,	23,	'create',	'2024-08-12 16:00:33.885422',	'2024-08-12 16:00:33.885422',	NULL),
(133,	1,	'read_product_history',	'read_product_history',	NULL,	23,	'read',	'2024-08-12 16:00:33.885966',	'2024-08-12 16:00:33.885966',	NULL),
(134,	1,	'update_product_history',	'update_product_history',	NULL,	23,	'update',	'2024-08-12 16:00:33.889620',	'2024-08-12 16:00:33.889620',	NULL),
(135,	1,	'*_region',	'*_region',	NULL,	22,	'*',	'2024-08-12 16:00:33.890971',	'2024-08-12 16:00:33.890971',	NULL),
(136,	1,	'update_product_management_day',	'update_product_management_day',	NULL,	24,	'update',	'2024-08-12 16:00:33.892427',	'2024-08-12 16:00:33.892427',	NULL),
(137,	1,	'delete_product_history',	'delete_product_history',	NULL,	23,	'delete',	'2024-08-12 16:00:33.894945',	'2024-08-12 16:00:33.894945',	NULL),
(138,	1,	'details_product_history',	'details_product_history',	NULL,	23,	'details',	'2024-08-12 16:00:33.896164',	'2024-08-12 16:00:33.896164',	NULL),
(139,	1,	'delete_product_management_day',	'delete_product_management_day',	NULL,	24,	'delete',	'2024-08-12 16:00:33.899766',	'2024-08-12 16:00:33.899766',	NULL),
(140,	1,	'*_product_history',	'*_product_history',	NULL,	23,	'*',	'2024-08-12 16:00:33.900538',	'2024-08-12 16:00:33.900538',	NULL),
(141,	1,	'read_product_management_day',	'read_product_management_day',	NULL,	24,	'read',	'2024-08-12 16:00:33.902010',	'2024-08-12 16:00:33.902010',	NULL),
(142,	1,	'delete_product_management',	'delete_product_management',	NULL,	25,	'delete',	'2024-08-12 16:00:33.904984',	'2024-08-12 16:00:33.904984',	NULL),
(143,	1,	'create_product_management',	'create_product_management',	NULL,	25,	'create',	'2024-08-12 16:00:33.905672',	'2024-08-12 16:00:33.905672',	NULL),
(144,	1,	'create_product_management_day',	'create_product_management_day',	NULL,	24,	'create',	'2024-08-12 16:00:33.906107',	'2024-08-12 16:00:33.906107',	NULL),
(145,	1,	'details_product_management_day',	'details_product_management_day',	NULL,	24,	'details',	'2024-08-12 16:00:33.906927',	'2024-08-12 16:00:33.906927',	NULL),
(146,	1,	'*_product_management',	'*_product_management',	NULL,	25,	'*',	'2024-08-12 16:00:33.910140',	'2024-08-12 16:00:33.910140',	NULL),
(147,	1,	'read_product_management',	'read_product_management',	NULL,	25,	'read',	'2024-08-12 16:00:33.913785',	'2024-08-12 16:00:33.913785',	NULL),
(148,	1,	'details_product_management',	'details_product_management',	NULL,	25,	'details',	'2024-08-12 16:00:33.913785',	'2024-08-12 16:00:33.913785',	NULL),
(149,	1,	'*_product_management_day',	'*_product_management_day',	NULL,	24,	'*',	'2024-08-12 16:00:33.915018',	'2024-08-12 16:00:33.915018',	NULL),
(150,	1,	'update_product_management',	'update_product_management',	NULL,	25,	'update',	'2024-08-12 16:00:33.916909',	'2024-08-12 16:00:33.916909',	NULL),
(151,	1,	'read_role',	'read_role',	NULL,	27,	'read',	'2024-08-12 16:00:33.919010',	'2024-08-12 16:00:33.919010',	NULL),
(152,	1,	'read_product_raiting',	'read_product_raiting',	NULL,	26,	'read',	'2024-08-12 16:00:33.922402',	'2024-08-12 16:00:33.922402',	NULL),
(153,	1,	'create_product_raiting',	'create_product_raiting',	NULL,	26,	'create',	'2024-08-12 16:00:33.922876',	'2024-08-12 16:00:33.922876',	NULL),
(154,	1,	'update_role',	'update_role',	NULL,	27,	'update',	'2024-08-12 16:00:33.924250',	'2024-08-12 16:00:33.924250',	NULL),
(155,	1,	'details_product_raiting',	'details_product_raiting',	NULL,	26,	'details',	'2024-08-12 16:00:33.925229',	'2024-08-12 16:00:33.925229',	NULL),
(156,	1,	'delete_product_raiting',	'delete_product_raiting',	NULL,	26,	'delete',	'2024-08-12 16:00:33.925523',	'2024-08-12 16:00:33.925523',	NULL),
(157,	1,	'create_role',	'create_role',	NULL,	27,	'create',	'2024-08-12 16:00:33.927584',	'2024-08-12 16:00:33.927584',	NULL),
(158,	1,	'update_product_raiting',	'update_product_raiting',	NULL,	26,	'update',	'2024-08-12 16:00:33.929622',	'2024-08-12 16:00:33.929622',	NULL),
(159,	1,	'*_product_raiting',	'*_product_raiting',	NULL,	26,	'*',	'2024-08-12 16:00:33.930700',	'2024-08-12 16:00:33.930700',	NULL),
(160,	1,	'details_role',	'details_role',	NULL,	27,	'details',	'2024-08-12 16:00:33.932684',	'2024-08-12 16:00:33.932684',	NULL),
(161,	1,	'delete_role',	'delete_role',	NULL,	27,	'delete',	'2024-08-12 16:00:33.935729',	'2024-08-12 16:00:33.935729',	NULL),
(162,	1,	'delete_role_permission',	'delete_role_permission',	NULL,	28,	'delete',	'2024-08-12 16:00:33.939908',	'2024-08-12 16:00:33.939908',	NULL),
(163,	1,	'read_role_permission',	'read_role_permission',	NULL,	28,	'read',	'2024-08-12 16:00:33.940572',	'2024-08-12 16:00:33.940572',	NULL),
(164,	1,	'update_role_permission',	'update_role_permission',	NULL,	28,	'update',	'2024-08-12 16:00:33.941821',	'2024-08-12 16:00:33.941821',	NULL),
(165,	1,	'create_role_permission',	'create_role_permission',	NULL,	28,	'create',	'2024-08-12 16:00:33.944378',	'2024-08-12 16:00:33.944378',	NULL),
(166,	1,	'*_role_permission',	'*_role_permission',	NULL,	28,	'*',	'2024-08-12 16:00:33.947035',	'2024-08-12 16:00:33.947035',	NULL),
(167,	1,	'details_role_permission',	'details_role_permission',	NULL,	28,	'details',	'2024-08-12 16:00:33.951858',	'2024-08-12 16:00:33.951858',	NULL),
(168,	1,	'*_role',	'*_role',	NULL,	27,	'*',	'2024-08-12 16:00:33.954672',	'2024-08-12 16:00:33.954672',	NULL),
(169,	1,	'details_wallet_status',	'details_wallet_status',	NULL,	29,	'details',	'2024-08-12 16:00:33.955374',	'2024-08-12 16:00:33.955374',	NULL),
(170,	1,	'update_wallet_status',	'update_wallet_status',	NULL,	29,	'update',	'2024-08-12 16:00:33.956039',	'2024-08-12 16:00:33.956039',	NULL),
(171,	1,	'delete_wallet_status',	'delete_wallet_status',	NULL,	29,	'delete',	'2024-08-12 16:00:33.957442',	'2024-08-12 16:00:33.957442',	NULL),
(172,	1,	'*_wallet_status',	'*_wallet_status',	NULL,	29,	'*',	'2024-08-12 16:00:33.958695',	'2024-08-12 16:00:33.958695',	NULL),
(173,	1,	'create_wallet_status',	'create_wallet_status',	NULL,	29,	'create',	'2024-08-12 16:00:33.959165',	'2024-08-12 16:00:33.959165',	NULL),
(174,	1,	'read_wallet_status',	'read_wallet_status',	NULL,	29,	'read',	'2024-08-12 16:00:33.964474',	'2024-08-12 16:00:33.964474',	NULL),
(175,	1,	'read_transaction',	'read_transaction',	NULL,	30,	'read',	'2024-08-12 16:00:33.969960',	'2024-08-12 16:00:33.969960',	NULL),
(176,	1,	'create_transaction',	'create_transaction',	NULL,	30,	'create',	'2024-08-12 16:00:33.970481',	'2024-08-12 16:00:33.970481',	NULL),
(177,	1,	'create_weekday',	'create_weekday',	NULL,	31,	'create',	'2024-08-12 16:00:33.972626',	'2024-08-12 16:00:33.972626',	NULL),
(178,	1,	'read_weekday',	'read_weekday',	NULL,	31,	'read',	'2024-08-12 16:00:33.973182',	'2024-08-12 16:00:33.973182',	NULL),
(179,	1,	'update_transaction',	'update_transaction',	NULL,	30,	'update',	'2024-08-12 16:00:33.975724',	'2024-08-12 16:00:33.975724',	NULL),
(180,	1,	'details_transaction',	'details_transaction',	NULL,	30,	'details',	'2024-08-12 16:00:33.977710',	'2024-08-12 16:00:33.977710',	NULL),
(181,	1,	'delete_transaction',	'delete_transaction',	NULL,	30,	'delete',	'2024-08-12 16:00:33.982457',	'2024-08-12 16:00:33.982457',	NULL),
(182,	1,	'details_weekday',	'details_weekday',	NULL,	31,	'details',	'2024-08-12 16:00:33.983128',	'2024-08-12 16:00:33.983128',	NULL),
(183,	1,	'*_transaction',	'*_transaction',	NULL,	30,	'*',	'2024-08-12 16:00:33.984267',	'2024-08-12 16:00:33.984267',	NULL),
(184,	1,	'update_weekday',	'update_weekday',	NULL,	31,	'update',	'2024-08-12 16:00:33.985089',	'2024-08-12 16:00:33.985089',	NULL),
(185,	1,	'create_user',	'create_user',	NULL,	32,	'create',	'2024-08-12 16:00:33.989067',	'2024-08-12 16:00:33.989067',	NULL),
(186,	1,	'read_user',	'read_user',	NULL,	32,	'read',	'2024-08-12 16:00:33.989157',	'2024-08-12 16:00:33.989157',	NULL),
(187,	1,	'update_user',	'update_user',	NULL,	32,	'update',	'2024-08-12 16:00:33.989381',	'2024-08-12 16:00:33.989381',	NULL),
(188,	1,	'delete_weekday',	'delete_weekday',	NULL,	31,	'delete',	'2024-08-12 16:00:33.992647',	'2024-08-12 16:00:33.992647',	NULL),
(189,	1,	'*_user',	'*_user',	NULL,	32,	'*',	'2024-08-12 16:00:33.993555',	'2024-08-12 16:00:33.993555',	NULL),
(190,	1,	'details_user',	'details_user',	NULL,	32,	'details',	'2024-08-12 16:00:33.993908',	'2024-08-12 16:00:33.993908',	NULL),
(191,	1,	'*_weekday',	'*_weekday',	NULL,	31,	'*',	'2024-08-12 16:00:33.995526',	'2024-08-12 16:00:33.995526',	NULL),
(192,	1,	'delete_user',	'delete_user',	NULL,	32,	'delete',	'2024-08-12 16:00:33.997359',	'2024-08-12 16:00:33.997359',	NULL),
(193,	1,	'create_customer',	'create_customer',	NULL,	33,	'create',	'2024-08-17 12:16:14.186683',	'2024-08-17 12:16:14.186683',	NULL),
(194,	1,	'read_customer',	'read_customer',	NULL,	33,	'read',	'2024-08-17 12:16:14.187815',	'2024-08-17 12:16:14.187815',	NULL),
(195,	1,	'create_deliver',	'create_deliver',	NULL,	34,	'create',	'2024-08-17 12:16:14.193999',	'2024-08-17 12:16:14.193999',	NULL),
(196,	1,	'*_customer',	'*_customer',	NULL,	33,	'*',	'2024-08-17 12:16:14.195324',	'2024-08-17 12:16:14.195324',	NULL),
(197,	1,	'read_deliver',	'read_deliver',	NULL,	34,	'read',	'2024-08-17 12:16:14.198775',	'2024-08-17 12:16:14.198775',	NULL),
(198,	1,	'update_deliver',	'update_deliver',	NULL,	34,	'update',	'2024-08-17 12:16:14.204061',	'2024-08-17 12:16:14.204061',	NULL),
(199,	1,	'details_customer',	'details_customer',	NULL,	33,	'details',	'2024-08-17 12:16:14.205132',	'2024-08-17 12:16:14.205132',	NULL),
(200,	1,	'update_customer',	'update_customer',	NULL,	33,	'update',	'2024-08-17 12:16:14.207182',	'2024-08-17 12:16:14.207182',	NULL),
(201,	1,	'details_deliver',	'details_deliver',	NULL,	34,	'details',	'2024-08-17 12:16:14.207181',	'2024-08-17 12:16:14.207181',	NULL),
(202,	1,	'delete_customer',	'delete_customer',	NULL,	33,	'delete',	'2024-08-17 12:16:14.208049',	'2024-08-17 12:16:14.208049',	NULL),
(203,	1,	'delete_deliver',	'delete_deliver',	NULL,	34,	'delete',	'2024-08-17 12:16:14.212901',	'2024-08-17 12:16:14.212901',	NULL),
(204,	1,	'create_coorporate',	'create_coorporate',	NULL,	35,	'create',	'2024-08-17 12:16:14.213260',	'2024-08-17 12:16:14.213260',	NULL),
(205,	1,	'read_coorporate',	'read_coorporate',	NULL,	35,	'read',	'2024-08-17 12:16:14.221301',	'2024-08-17 12:16:14.221301',	NULL),
(206,	1,	'update_coorporate',	'update_coorporate',	NULL,	35,	'update',	'2024-08-17 12:16:14.222267',	'2024-08-17 12:16:14.222267',	NULL),
(207,	1,	'delete_coorporate',	'delete_coorporate',	NULL,	35,	'delete',	'2024-08-17 12:16:14.226766',	'2024-08-17 12:16:14.226766',	NULL),
(208,	1,	'details_coorporate',	'details_coorporate',	NULL,	35,	'details',	'2024-08-17 12:16:14.228977',	'2024-08-17 12:16:14.228977',	NULL),
(209,	1,	'*_coorporate',	'*_coorporate',	NULL,	35,	'*',	'2024-08-17 12:16:14.232359',	'2024-08-17 12:16:14.232359',	NULL),
(210,	1,	'create_payment_type',	'create_payment_type',	NULL,	36,	'create',	'2024-08-17 12:16:14.233152',	'2024-08-17 12:16:14.233152',	NULL),
(211,	1,	'read_payment_type',	'read_payment_type',	NULL,	36,	'read',	'2024-08-17 12:16:14.241900',	'2024-08-17 12:16:14.241900',	NULL),
(212,	1,	'*_payment_type',	'*_payment_type',	NULL,	36,	'*',	'2024-08-17 12:16:14.242267',	'2024-08-17 12:16:14.242267',	NULL),
(213,	1,	'*_deliver',	'*_deliver',	NULL,	34,	'*',	'2024-08-17 12:16:14.243004',	'2024-08-17 12:16:14.243004',	NULL),
(214,	1,	'details_payment_type',	'details_payment_type',	NULL,	36,	'details',	'2024-08-17 12:16:14.243567',	'2024-08-17 12:16:14.243567',	NULL),
(215,	1,	'delete_payment_type',	'delete_payment_type',	NULL,	36,	'delete',	'2024-08-17 12:16:14.244522',	'2024-08-17 12:16:14.244522',	NULL),
(216,	1,	'read_restaurant',	'read_restaurant',	NULL,	37,	'read',	'2024-08-17 12:16:14.247170',	'2024-08-17 12:16:14.247170',	NULL),
(217,	1,	'create_restaurant',	'create_restaurant',	NULL,	37,	'create',	'2024-08-17 12:16:14.248357',	'2024-08-17 12:16:14.248357',	NULL),
(218,	1,	'update_restaurant',	'update_restaurant',	NULL,	37,	'update',	'2024-08-17 12:16:14.250513',	'2024-08-17 12:16:14.250513',	NULL),
(219,	1,	'details_restaurant',	'details_restaurant',	NULL,	37,	'details',	'2024-08-17 12:16:14.260133',	'2024-08-17 12:16:14.260133',	NULL),
(220,	1,	'update_payment_type',	'update_payment_type',	NULL,	36,	'update',	'2024-08-17 12:16:14.262255',	'2024-08-17 12:16:14.262255',	NULL),
(221,	1,	'delete_restaurant',	'delete_restaurant',	NULL,	37,	'delete',	'2024-08-17 12:16:14.263312',	'2024-08-17 12:16:14.263312',	NULL),
(222,	1,	'update_company_restaurant',	'update_company_restaurant',	NULL,	38,	'update',	'2024-08-17 12:16:14.267916',	'2024-08-17 12:16:14.267916',	NULL),
(223,	1,	'delete_company_restaurant',	'delete_company_restaurant',	NULL,	38,	'delete',	'2024-08-17 12:16:14.269716',	'2024-08-17 12:16:14.269716',	NULL),
(224,	1,	'create_company_restaurant',	'create_company_restaurant',	NULL,	38,	'create',	'2024-08-17 12:16:14.271257',	'2024-08-17 12:16:14.271257',	NULL),
(225,	1,	'read_company_restaurant',	'read_company_restaurant',	NULL,	38,	'read',	'2024-08-17 12:16:14.271876',	'2024-08-17 12:16:14.271876',	NULL),
(226,	1,	'details_company_restaurant',	'details_company_restaurant',	NULL,	38,	'details',	'2024-08-17 12:16:14.273989',	'2024-08-17 12:16:14.273989',	NULL),
(227,	1,	'*_company_restaurant',	'*_company_restaurant',	NULL,	38,	'*',	'2024-08-17 12:16:14.277282',	'2024-08-17 12:16:14.277282',	NULL),
(228,	1,	'*_restaurant',	'*_restaurant',	NULL,	37,	'*',	'2024-08-17 12:16:14.280588',	'2024-08-17 12:16:14.280588',	NULL),
(229,	1,	'gestion des profile des restaurant',	'update_restaurant_profile',	NULL,	NULL,	'update',	'2024-08-18 11:41:47.855661',	'2024-08-18 11:41:47.855661',	NULL),
(230,	1,	'Gestion des produit des restaurant',	'product_management',	NULL,	NULL,	'create',	'2024-08-18 11:43:38.847719',	'2024-08-18 11:43:38.847719',	NULL),
(231,	1,	'delete_gift',	'delete_gift',	NULL,	39,	'delete',	'2024-08-25 19:40:16.761943',	'2024-08-25 19:40:16.761943',	NULL),
(232,	1,	'*_gift',	'*_gift',	NULL,	39,	'*',	'2024-08-25 19:40:16.763068',	'2024-08-25 19:40:16.763068',	NULL),
(233,	1,	'read_gift',	'read_gift',	NULL,	39,	'read',	'2024-08-25 19:40:16.764256',	'2024-08-25 19:40:16.764256',	NULL),
(234,	1,	'details_gift',	'details_gift',	NULL,	39,	'details',	'2024-08-25 19:40:16.764980',	'2024-08-25 19:40:16.764980',	NULL),
(235,	1,	'create_gift',	'create_gift',	NULL,	39,	'create',	'2024-08-25 19:40:16.771984',	'2024-08-25 19:40:16.771984',	NULL),
(236,	1,	'update_gift',	'update_gift',	NULL,	39,	'update',	'2024-08-25 19:40:16.774721',	'2024-08-25 19:40:16.774721',	NULL),
(237,	1,	'create_gift_history',	'create_gift_history',	NULL,	40,	'create',	'2024-08-26 14:02:38.171530',	'2024-08-26 14:02:38.171530',	NULL),
(238,	1,	'*_gift_history',	'*_gift_history',	NULL,	40,	'*',	'2024-08-26 14:02:38.172261',	'2024-08-26 14:02:38.172261',	NULL),
(239,	1,	'delete_gift_history',	'delete_gift_history',	NULL,	40,	'delete',	'2024-08-26 14:02:38.177466',	'2024-08-26 14:02:38.177466',	NULL),
(240,	1,	'read_gift_history',	'read_gift_history',	NULL,	40,	'read',	'2024-08-26 14:02:38.176573',	'2024-08-26 14:02:38.176573',	NULL),
(241,	1,	'update_gift_history',	'update_gift_history',	NULL,	40,	'update',	'2024-08-26 14:02:38.179708',	'2024-08-26 14:02:38.179708',	NULL),
(242,	1,	'details_gift_history',	'details_gift_history',	NULL,	40,	'details',	'2024-08-26 14:02:38.180478',	'2024-08-26 14:02:38.180478',	NULL),
(243,	1,	'create_story',	'create_story',	NULL,	41,	'create',	'2024-08-27 22:16:17.515671',	'2024-08-27 22:16:17.515671',	NULL),
(244,	1,	'read_story',	'read_story',	NULL,	41,	'read',	'2024-08-27 22:16:17.516285',	'2024-08-27 22:16:17.516285',	NULL),
(245,	1,	'update_story',	'update_story',	NULL,	41,	'update',	'2024-08-27 22:16:17.516671',	'2024-08-27 22:16:17.516671',	NULL),
(246,	1,	'delete_story',	'delete_story',	NULL,	41,	'delete',	'2024-08-27 22:16:17.516998',	'2024-08-27 22:16:17.516998',	NULL),
(247,	1,	'details_story',	'details_story',	NULL,	41,	'details',	'2024-08-27 22:16:17.517389',	'2024-08-27 22:16:17.517389',	NULL),
(248,	1,	'*_story',	'*_story',	NULL,	41,	'*',	'2024-08-27 22:16:17.522769',	'2024-08-27 22:16:17.522769',	NULL),
(249,	1,	'read_story_group',	'read_story_group',	NULL,	42,	'read',	'2024-08-28 16:53:47.075293',	'2024-08-28 16:53:47.075293',	NULL),
(250,	1,	'update_story_group',	'update_story_group',	NULL,	42,	'update',	'2024-08-28 16:53:47.075901',	'2024-08-28 16:53:47.075901',	NULL),
(251,	1,	'create_story_group',	'create_story_group',	NULL,	42,	'create',	'2024-08-28 16:53:47.076583',	'2024-08-28 16:53:47.076583',	NULL),
(252,	1,	'delete_story_group',	'delete_story_group',	NULL,	42,	'delete',	'2024-08-28 16:53:47.077076',	'2024-08-28 16:53:47.077076',	NULL),
(253,	1,	'details_story_group',	'details_story_group',	NULL,	42,	'details',	'2024-08-28 16:53:47.077795',	'2024-08-28 16:53:47.077795',	NULL),
(254,	1,	'*_story_group',	'*_story_group',	NULL,	42,	'*',	'2024-08-28 16:53:47.079030',	'2024-08-28 16:53:47.079030',	NULL),
(255,	1,	'create_establishment_type',	'create_establishment_type',	NULL,	43,	'create',	'2024-09-18 02:06:45.148190',	'2024-09-18 02:06:45.148190',	NULL),
(256,	1,	'details_establishment_type',	'details_establishment_type',	NULL,	43,	'details',	'2024-09-18 02:06:45.149626',	'2024-09-18 02:06:45.149626',	NULL),
(257,	1,	'*_establishment_type',	'*_establishment_type',	NULL,	43,	'*',	'2024-09-18 02:06:45.150366',	'2024-09-18 02:06:45.150366',	NULL),
(258,	1,	'read_establishment_type',	'read_establishment_type',	NULL,	43,	'read',	'2024-09-18 02:06:45.152989',	'2024-09-18 02:06:45.152989',	NULL),
(259,	1,	'update_establishment_type',	'update_establishment_type',	NULL,	43,	'update',	'2024-09-18 02:06:45.154005',	'2024-09-18 02:06:45.154005',	NULL),
(260,	1,	'delete_establishment_type',	'delete_establishment_type',	NULL,	43,	'delete',	'2024-09-18 02:06:45.154495',	'2024-09-18 02:06:45.154495',	NULL);

DROP TABLE IF EXISTS `product`;
CREATE TABLE `product` (
  `id` int(11) NOT NULL AUTO_INCREMENT,
  `name` varchar(255) NOT NULL,
  `description` text NOT NULL,
  `price` double NOT NULL,
  `reduction` double NOT NULL,
  `parentId` int(11) NOT NULL,
  `detailsCreatedat` datetime(6) NOT NULL DEFAULT current_timestamp(6),
  `detailsUpdatedat` datetime(6) NOT NULL DEFAULT current_timestamp(6) ON UPDATE current_timestamp(6),
  `detailsByid` int(11) DEFAULT NULL,
  `cookingTime` varchar(255) NOT NULL,
  `isActive` tinyint(4) DEFAULT 1,
  `companyCategoryId` int(11) DEFAULT NULL,
  PRIMARY KEY (`id`),
  KEY `FK_77e467b32f0a8b7a1e5503eecac` (`parentId`),
  KEY `FK_05a5cb3c4a72b8182a186b6f3b1` (`detailsByid`),
  CONSTRAINT `FK_05a5cb3c4a72b8182a186b6f3b1` FOREIGN KEY (`detailsByid`) REFERENCES `user` (`id`) ON DELETE NO ACTION ON UPDATE NO ACTION,
  CONSTRAINT `FK_77e467b32f0a8b7a1e5503eecac` FOREIGN KEY (`parentId`) REFERENCES `partner` (`id`) ON DELETE NO ACTION ON UPDATE NO ACTION
) ENGINE=InnoDB DEFAULT CHARSET=utf8mb4 COLLATE=utf8mb4_general_ci;

TRUNCATE `product`;
INSERT INTO `product` (`id`, `name`, `description`, `price`, `reduction`, `parentId`, `detailsCreatedat`, `detailsUpdatedat`, `detailsByid`, `cookingTime`, `isActive`, `companyCategoryId`) VALUES
(2,	'Maffe',	'plat senegalais',	2500,	20,	1,	'2024-08-18 14:40:38.952000',	'2024-08-18 14:40:38.952000',	1,	'01:30',	1,	0),
(3,	'Tiebbou Diene',	'no descruiption',	2500,	0,	1,	'2024-08-20 20:57:50.319000',	'2024-08-20 20:57:50.319000',	1,	'01:00',	1,	0),
(4,	'Buget9',	'no description',	2400,	10,	3,	'2024-08-21 04:35:25.593000',	'2024-08-21 04:35:25.593000',	7,	'20:00',	1,	0),
(5,	'Buget10',	'no description',	4000,	5,	3,	'2024-08-21 04:36:22.545000',	'2024-08-21 04:36:22.545000',	7,	'01:00',	1,	0),
(6,	'bucket19',	'no',	6000,	1,	3,	'2024-08-21 04:37:31.715000',	'2024-08-21 04:37:31.715000',	7,	'00:45',	1,	0),
(7,	'Max 1_5 PEPSI',	'pepsi',	1500,	0,	1,	'2024-08-22 21:41:17.488000',	'2024-08-22 21:41:17.488000',	1,	'00:00',	1,	0),
(8,	'Djolof Chicken 2',	'no description',	2350,	1,	7,	'2024-08-28 21:41:39.048255',	'2024-08-28 21:41:39.048255',	6,	'00:30',	1,	0),
(9,	'Djolof 2',	'no description',	3000,	3,	7,	'2024-08-28 21:46:44.467137',	'2024-08-28 21:46:44.467137',	6,	'00:30',	1,	0),
(10,	'dibi Yap',	'bidi yapp',	2500,	0,	17,	'2024-09-02 22:29:19.523000',	'2024-09-02 22:29:19.523000',	8,	'01:30',	1,	0),
(11,	'Dibi Guinar',	'Dibi bou saff',	2000,	0,	17,	'2024-09-02 22:30:52.464788',	'2024-09-02 22:30:52.464788',	8,	'01:00',	1,	0);

DROP TABLE IF EXISTS `product_category_category`;
CREATE TABLE `product_category_category` (
  `productId` int(11) NOT NULL,
  `categoryId` int(11) NOT NULL,
  PRIMARY KEY (`productId`,`categoryId`),
  KEY `IDX_7345bf754167ef603701fca9e6` (`productId`),
  KEY `IDX_9f6058f88651acb9c6fd62e589` (`categoryId`)
) ENGINE=InnoDB DEFAULT CHARSET=utf8mb4 COLLATE=utf8mb4_general_ci;

TRUNCATE `product_category_category`;
INSERT INTO `product_category_category` (`productId`, `categoryId`) VALUES
(2,	30),
(2,	68),
(2,	69),
(2,	70),
(2,	71),
(3,	18),
(3,	19),
(3,	20),
(4,	17),
(4,	18),
(4,	19),
(4,	20),
(5,	23),
(5,	24),
(5,	25),
(5,	30),
(5,	33),
(5,	34),
(6,	30),
(6,	33),
(6,	34),
(6,	35),
(7,	16),
(7,	17),
(7,	18),
(7,	19),
(7,	38),
(8,	19),
(8,	20),
(8,	34),
(8,	35),
(9,	18),
(9,	19),
(9,	20),
(10,	26),
(11,	26);

DROP TABLE IF EXISTS `product_file`;
CREATE TABLE `product_file` (
  `id` int(11) NOT NULL AUTO_INCREMENT,
  `path` varchar(255) NOT NULL,
  `idActive` tinyint(4) NOT NULL DEFAULT 1,
  `productId` int(11) NOT NULL,
  PRIMARY KEY (`id`),
  KEY `FK_8908c9d576061144b562635769f` (`productId`),
  CONSTRAINT `FK_8908c9d576061144b562635769f` FOREIGN KEY (`productId`) REFERENCES `product` (`id`) ON DELETE NO ACTION ON UPDATE NO ACTION
) ENGINE=InnoDB DEFAULT CHARSET=utf8mb4 COLLATE=utf8mb4_general_ci;

TRUNCATE `product_file`;
INSERT INTO `product_file` (`id`, `path`, `idActive`, `productId`) VALUES
(1,	'https://senrestodev.s3.amazonaws.com/public/dev/f6c1780103964bcdb96d7f37b6540c7e3.jpg',	1,	2),
(2,	'https://senrestodev.s3.amazonaws.com/public/dev/1f7ddcfa6a15224368cea0940f44fac7.webp',	1,	3),
(3,	'https://senrestodev.s3.amazonaws.com/public/dev/10232556a1010d9ffa284b6a75d510eb27fc.jpg',	1,	4),
(4,	'https://senrestodev.s3.amazonaws.com/public/dev/995b7a848aef916c6c2ea10ad9cdbd7cb.jpg',	1,	5),
(5,	'https://senrestodev.s3.amazonaws.com/public/dev/7df29539e55c3cd82885282cea553179.jpg',	1,	6),
(6,	'https://senrestodev.s3.amazonaws.com/public/dev/7c1c5a8eb770732a9e6b525e65295a27.jpg',	1,	7),
(7,	'https://senrestodev.s3.amazonaws.com/public/dev/a7916b9c58ab8c57b268f545d1222f10d.jpg',	1,	8),
(8,	'https://senrestodev.s3.amazonaws.com/public/dev/4c1bd65a710ba95ac103cade44a7b03c69.jpg',	1,	9),
(9,	'https://senrestodev.s3.amazonaws.com/public/dev/d164cecd1a208a72bcfba77b7d1651b3.png',	1,	10),
(10,	'https://senrestodev.s3.amazonaws.com/public/dev/a8c65c81a4c527ecc7bd3225f11057b410.jpg',	1,	11);

DROP TABLE IF EXISTS `product_history`;
CREATE TABLE `product_history` (
  `id` int(11) NOT NULL AUTO_INCREMENT,
  `name` varchar(255) NOT NULL,
  `price` double NOT NULL,
  `reduction` double NOT NULL,
  `productId` int(11) NOT NULL,
  `detailsCreatedat` datetime(6) NOT NULL DEFAULT current_timestamp(6),
  `detailsUpdatedat` datetime(6) NOT NULL DEFAULT current_timestamp(6) ON UPDATE current_timestamp(6),
  `detailsByid` int(11) DEFAULT NULL,
  `cookingTime` varchar(255) NOT NULL,
  PRIMARY KEY (`id`),
  KEY `FK_ab858ab4b8711724b4cfafda6f1` (`productId`),
  CONSTRAINT `FK_ab858ab4b8711724b4cfafda6f1` FOREIGN KEY (`productId`) REFERENCES `product` (`id`) ON DELETE NO ACTION ON UPDATE NO ACTION
) ENGINE=InnoDB DEFAULT CHARSET=utf8mb4 COLLATE=utf8mb4_general_ci;

TRUNCATE `product_history`;
INSERT INTO `product_history` (`id`, `name`, `price`, `reduction`, `productId`, `detailsCreatedat`, `detailsUpdatedat`, `detailsByid`, `cookingTime`) VALUES
(2,	'Maffe',	2500,	20,	2,	'2024-08-18 14:40:38.997446',	'2024-08-18 14:40:38.997446',	1,	'01:30'),
(3,	'Tiebbou Diene',	2500,	0,	3,	'2024-08-20 20:57:50.398697',	'2024-08-20 20:57:50.398697',	1,	'01:00'),
(4,	'Buget9',	2400,	10,	4,	'2024-08-21 04:35:25.661799',	'2024-08-21 04:35:25.661799',	7,	'20:00'),
(5,	'Buget10',	4000,	5,	5,	'2024-08-21 04:36:22.578269',	'2024-08-21 04:36:22.578269',	7,	'01:00'),
(6,	'bucket19',	6000,	1,	6,	'2024-08-21 04:37:31.739730',	'2024-08-21 04:37:31.739730',	7,	'00:45'),
(7,	'Max 1_5 PEPSI',	1500,	0,	7,	'2024-08-22 21:41:17.514975',	'2024-08-22 21:41:17.514975',	1,	'00:00'),
(8,	'Djolof Chicken 2',	2350,	1,	8,	'2024-08-28 21:41:39.117776',	'2024-08-28 21:41:39.117776',	6,	'00:30'),
(9,	'Djolof 2',	3000,	3,	9,	'2024-08-28 21:46:44.488625',	'2024-08-28 21:46:44.488625',	6,	'00:30'),
(10,	'dibi Ketchup',	2500,	0,	10,	'2024-09-02 22:29:19.536293',	'2024-09-02 22:29:19.536293',	8,	'01:30'),
(11,	'Dibi Guinar',	2000,	0,	11,	'2024-09-02 22:30:52.474837',	'2024-09-02 22:30:52.474837',	8,	'01:00');

DROP TABLE IF EXISTS `product_management`;
CREATE TABLE `product_management` (
  `id` int(11) NOT NULL AUTO_INCREMENT,
  `productId` int(11) DEFAULT NULL,
  `partnerId` int(11) NOT NULL,
  `isActive` tinyint(4) NOT NULL,
  `detailsCreatedat` datetime(6) NOT NULL DEFAULT current_timestamp(6),
  `detailsUpdatedat` datetime(6) NOT NULL DEFAULT current_timestamp(6) ON UPDATE current_timestamp(6),
  `detailsByid` int(11) DEFAULT NULL,
  PRIMARY KEY (`id`),
  KEY `FK_c3c8226b8c5b3332a5b4ae80003` (`partnerId`),
  KEY `IDX_864900bb0fbb327f07b4155e5c` (`productId`,`partnerId`),
  CONSTRAINT `FK_c3c8226b8c5b3332a5b4ae80003` FOREIGN KEY (`partnerId`) REFERENCES `partner` (`id`) ON DELETE NO ACTION ON UPDATE NO ACTION
) ENGINE=InnoDB DEFAULT CHARSET=utf8mb4 COLLATE=utf8mb4_general_ci;

TRUNCATE `product_management`;
INSERT INTO `product_management` (`id`, `productId`, `partnerId`, `isActive`, `detailsCreatedat`, `detailsUpdatedat`, `detailsByid`) VALUES
(2,	2,	1,	1,	'2024-08-18 14:40:38.972722',	'2024-08-18 14:40:38.972722',	NULL),
(3,	3,	1,	1,	'2024-08-20 20:57:50.366390',	'2024-08-20 20:57:50.366390',	NULL),
(4,	4,	3,	1,	'2024-08-21 04:35:25.634627',	'2024-08-21 04:35:25.634627',	NULL),
(5,	5,	3,	1,	'2024-08-21 04:36:22.554217',	'2024-08-21 04:36:22.554217',	NULL),
(6,	6,	3,	1,	'2024-08-21 04:37:31.723362',	'2024-08-21 04:37:31.723362',	NULL),
(7,	7,	1,	1,	'2024-08-22 21:41:17.500338',	'2024-08-22 21:41:17.500338',	NULL),
(8,	6,	8,	1,	'2024-08-24 19:29:30.310902',	'2024-08-24 19:29:30.310902',	7),
(9,	4,	8,	1,	'2024-08-24 19:29:30.311316',	'2024-08-24 19:29:30.311316',	7),
(10,	5,	8,	1,	'2024-08-24 19:29:30.311451',	'2024-08-24 19:29:30.311451',	7),
(11,	2,	2,	1,	'2024-08-25 15:52:32.858059',	'2024-08-25 15:52:32.858059',	1),
(12,	7,	2,	1,	'2024-08-25 15:52:32.859283',	'2024-08-25 15:52:32.859283',	1),
(13,	3,	2,	1,	'2024-08-25 15:52:32.859924',	'2024-08-25 15:52:32.859924',	1),
(14,	8,	7,	1,	'2024-08-28 21:41:39.087187',	'2024-08-28 21:41:39.087187',	NULL),
(15,	9,	7,	1,	'2024-08-28 21:46:44.474499',	'2024-08-28 21:46:44.474499',	NULL),
(16,	10,	17,	1,	'2024-09-02 22:29:19.529732',	'2024-09-02 22:29:19.529732',	NULL),
(17,	11,	17,	1,	'2024-09-02 22:30:52.469516',	'2024-09-02 22:30:52.469516',	NULL);

DROP TABLE IF EXISTS `product_management_day`;
CREATE TABLE `product_management_day` (
  `productManagementId` int(11) NOT NULL,
  `dayId` int(11) NOT NULL,
  `isActive` tinyint(4) NOT NULL,
  PRIMARY KEY (`productManagementId`,`dayId`),
  KEY `FK_63ea63b84eab2ae3ad7f4c79492` (`dayId`),
  CONSTRAINT `FK_5d2500edcc75c65e01ddb37e012` FOREIGN KEY (`productManagementId`) REFERENCES `product_management` (`id`) ON DELETE NO ACTION ON UPDATE NO ACTION,
  CONSTRAINT `FK_63ea63b84eab2ae3ad7f4c79492` FOREIGN KEY (`dayId`) REFERENCES `weekday` (`id`) ON DELETE NO ACTION ON UPDATE NO ACTION
) ENGINE=InnoDB DEFAULT CHARSET=utf8mb4 COLLATE=utf8mb4_general_ci;

TRUNCATE `product_management_day`;
INSERT INTO `product_management_day` (`productManagementId`, `dayId`, `isActive`) VALUES
(2,	29,	1),
(2,	30,	1),
(2,	31,	1),
(2,	32,	1),
(2,	33,	0),
(2,	34,	0),
(2,	35,	1),
(3,	29,	1),
(3,	30,	0),
(3,	31,	0),
(3,	32,	1),
(3,	33,	1),
(3,	34,	0),
(3,	35,	1),
(4,	29,	1),
(4,	30,	1),
(4,	31,	1),
(4,	32,	1),
(4,	33,	1),
(4,	34,	1),
(4,	35,	1),
(5,	29,	1),
(5,	30,	1),
(5,	31,	1),
(5,	32,	1),
(5,	33,	1),
(5,	34,	1),
(5,	35,	1),
(6,	29,	1),
(6,	30,	1),
(6,	31,	1),
(6,	32,	1),
(6,	33,	1),
(6,	34,	1),
(6,	35,	1),
(7,	29,	1),
(7,	30,	1),
(7,	31,	1),
(7,	32,	1),
(7,	33,	1),
(7,	34,	1),
(7,	35,	1),
(8,	29,	1),
(8,	30,	1),
(8,	31,	1),
(8,	32,	1),
(8,	33,	1),
(8,	34,	1),
(8,	35,	1),
(9,	29,	1),
(9,	30,	1),
(9,	31,	1),
(9,	32,	1),
(9,	33,	1),
(9,	34,	1),
(9,	35,	1),
(10,	29,	1),
(10,	30,	1),
(10,	31,	1),
(10,	32,	1),
(10,	33,	1),
(10,	34,	1),
(10,	35,	1),
(11,	29,	1),
(11,	30,	1),
(11,	31,	1),
(11,	32,	1),
(11,	33,	1),
(11,	34,	1),
(11,	35,	1),
(12,	29,	1),
(12,	30,	1),
(12,	31,	1),
(12,	32,	1),
(12,	33,	1),
(12,	34,	1),
(12,	35,	1),
(13,	29,	1),
(13,	30,	1),
(13,	31,	1),
(13,	32,	1),
(13,	33,	1),
(13,	34,	1),
(13,	35,	1),
(14,	29,	1),
(14,	30,	1),
(14,	31,	1),
(14,	32,	1),
(14,	33,	1),
(14,	34,	1),
(14,	35,	1),
(15,	29,	1),
(15,	30,	1),
(15,	31,	1),
(15,	32,	1),
(15,	33,	1),
(15,	34,	1),
(15,	35,	1),
(16,	29,	1),
(16,	30,	1),
(16,	31,	1),
(16,	32,	1),
(16,	33,	1),
(16,	34,	1),
(16,	35,	1),
(17,	29,	1),
(17,	30,	1),
(17,	31,	1),
(17,	32,	1),
(17,	33,	1),
(17,	34,	1),
(17,	35,	1);

DROP TABLE IF EXISTS `product_raiting`;
CREATE TABLE `product_raiting` (
  `raiting` int(11) NOT NULL DEFAULT 1,
  `customerId` int(11) NOT NULL,
  `productId` int(11) NOT NULL,
  `detailsCreatedat` datetime(6) NOT NULL DEFAULT current_timestamp(6),
  `detailsUpdatedat` datetime(6) NOT NULL DEFAULT current_timestamp(6) ON UPDATE current_timestamp(6),
  PRIMARY KEY (`customerId`,`productId`),
  KEY `FK_fc82334139fe0689b58d32e9029` (`productId`),
  CONSTRAINT `FK_a76558697d7006d06d9b3d0ac01` FOREIGN KEY (`customerId`) REFERENCES `partner` (`id`) ON DELETE NO ACTION ON UPDATE NO ACTION,
  CONSTRAINT `FK_fc82334139fe0689b58d32e9029` FOREIGN KEY (`productId`) REFERENCES `product` (`id`) ON DELETE NO ACTION ON UPDATE NO ACTION
) ENGINE=InnoDB DEFAULT CHARSET=utf8mb4 COLLATE=utf8mb4_general_ci;

TRUNCATE `product_raiting`;

DROP TABLE IF EXISTS `region`;
CREATE TABLE `region` (
  `id` int(11) NOT NULL AUTO_INCREMENT,
  `name` varchar(255) NOT NULL,
  PRIMARY KEY (`id`)
) ENGINE=InnoDB DEFAULT CHARSET=utf8mb4 COLLATE=utf8mb4_general_ci;

TRUNCATE `region`;

DROP TABLE IF EXISTS `role`;
CREATE TABLE `role` (
  `id` int(11) NOT NULL AUTO_INCREMENT,
  `code` varchar(255) DEFAULT NULL,
  `name` varchar(255) NOT NULL,
  `description` varchar(255) NOT NULL,
  `isActive` tinyint(4) DEFAULT 1,
  `parentId` int(11) DEFAULT NULL,
  `nsleft` int(11) NOT NULL DEFAULT 1,
  `nsright` int(11) NOT NULL DEFAULT 2,
  `detailsCreatedat` datetime(6) NOT NULL DEFAULT current_timestamp(6),
  `detailsUpdatedat` datetime(6) NOT NULL DEFAULT current_timestamp(6) ON UPDATE current_timestamp(6),
  `detailsByid` int(11) DEFAULT NULL,
  PRIMARY KEY (`id`),
  UNIQUE KEY `IDX_ee999bb389d7ac0fd967172c41` (`code`),
  KEY `FK_e69cd3e2721eaa1e70958498a85` (`parentId`),
  KEY `FK_be3591dab144b8837d10bbfd78d` (`detailsByid`),
  CONSTRAINT `FK_be3591dab144b8837d10bbfd78d` FOREIGN KEY (`detailsByid`) REFERENCES `user` (`id`) ON DELETE NO ACTION ON UPDATE NO ACTION,
  CONSTRAINT `FK_e69cd3e2721eaa1e70958498a85` FOREIGN KEY (`parentId`) REFERENCES `role` (`id`) ON DELETE NO ACTION ON UPDATE NO ACTION
) ENGINE=InnoDB DEFAULT CHARSET=utf8mb4 COLLATE=utf8mb4_general_ci;

TRUNCATE `role`;
INSERT INTO `role` (`id`, `code`, `name`, `description`, `isActive`, `parentId`, `nsleft`, `nsright`, `detailsCreatedat`, `detailsUpdatedat`, `detailsByid`) VALUES
(1,	'super_admin',	'Super Admin',	'controller toute la plateform',	1,	NULL,	1,	8,	'2024-08-12 16:00:15.303290',	'2024-08-23 01:22:06.929489',	NULL),
(2,	'admin_compagny',	'Admin Compagnies',	'gere les compagnies',	1,	1,	2,	3,	'2024-08-17 23:14:27.698803',	'2024-08-27 22:30:31.000000',	NULL),
(3,	'admin_restaurant',	'Admin  Restaurant',	'gestion des restaurant particulier',	1,	1,	4,	5,	'2024-08-17 23:30:22.481914',	'2024-09-09 23:47:00.000000',	NULL),
(4,	'admin_coorporate',	'Admin Coorporate',	'gestiondes coorporate',	1,	1,	6,	7,	'2024-08-23 01:22:06.933041',	'2024-08-23 01:22:06.933041',	NULL);

DROP TABLE IF EXISTS `role_permission`;
CREATE TABLE `role_permission` (
  `permissionId` int(11) NOT NULL,
  `roleId` int(11) NOT NULL,
  `canUse` tinyint(4) NOT NULL DEFAULT 1,
  `canInherit` tinyint(4) NOT NULL DEFAULT 1,
  `isActive` tinyint(4) NOT NULL DEFAULT 1,
  `detailsCreatedat` datetime(6) NOT NULL DEFAULT current_timestamp(6),
  `detailsUpdatedat` datetime(6) NOT NULL DEFAULT current_timestamp(6) ON UPDATE current_timestamp(6),
  `detailsByid` int(11) DEFAULT NULL,
  PRIMARY KEY (`permissionId`,`roleId`),
  KEY `FK_e3130a39c1e4a740d044e685730` (`roleId`),
  KEY `FK_03f99c9bd31184670798709b8a4` (`detailsByid`),
  CONSTRAINT `FK_03f99c9bd31184670798709b8a4` FOREIGN KEY (`detailsByid`) REFERENCES `user` (`id`) ON DELETE NO ACTION ON UPDATE NO ACTION,
  CONSTRAINT `FK_72e80be86cab0e93e67ed1a7a9a` FOREIGN KEY (`permissionId`) REFERENCES `permission` (`id`) ON DELETE NO ACTION ON UPDATE NO ACTION,
  CONSTRAINT `FK_e3130a39c1e4a740d044e685730` FOREIGN KEY (`roleId`) REFERENCES `role` (`id`) ON DELETE NO ACTION ON UPDATE NO ACTION
) ENGINE=InnoDB DEFAULT CHARSET=utf8mb4 COLLATE=utf8mb4_general_ci;

TRUNCATE `role_permission`;
INSERT INTO `role_permission` (`permissionId`, `roleId`, `canUse`, `canInherit`, `isActive`, `detailsCreatedat`, `detailsUpdatedat`, `detailsByid`) VALUES
(7,	1,	1,	1,	1,	'2024-08-18 11:43:55.314233',	'2024-08-18 11:43:55.314233',	NULL),
(8,	1,	1,	1,	1,	'2024-08-18 11:43:55.316904',	'2024-08-18 11:43:55.316904',	NULL),
(9,	1,	1,	1,	1,	'2024-08-18 11:43:55.319889',	'2024-08-18 11:43:55.319889',	NULL),
(10,	1,	1,	1,	1,	'2024-08-18 11:43:55.322142',	'2024-08-18 11:43:55.322142',	NULL),
(12,	1,	1,	1,	1,	'2024-08-18 11:43:55.324276',	'2024-08-18 11:43:55.324276',	NULL),
(14,	1,	1,	1,	1,	'2024-08-18 11:43:55.326263',	'2024-08-18 11:43:55.326263',	NULL),
(15,	1,	1,	1,	1,	'2024-08-18 11:43:55.329152',	'2024-08-18 11:43:55.329152',	NULL),
(16,	1,	1,	1,	1,	'2024-08-18 11:43:55.331761',	'2024-08-18 11:43:55.331761',	NULL),
(17,	1,	1,	1,	1,	'2024-08-18 11:43:55.334035',	'2024-08-18 11:43:55.334035',	NULL),
(18,	1,	1,	1,	1,	'2024-08-18 11:43:55.335830',	'2024-08-18 11:43:55.335830',	NULL),
(19,	1,	1,	1,	1,	'2024-08-18 11:43:55.337534',	'2024-08-18 11:43:55.337534',	NULL),
(20,	1,	1,	1,	1,	'2024-08-18 11:43:55.340200',	'2024-08-18 11:43:55.340200',	NULL),
(21,	1,	1,	1,	1,	'2024-08-18 11:43:55.342646',	'2024-08-18 11:43:55.342646',	NULL),
(22,	1,	1,	1,	1,	'2024-08-18 11:43:55.344815',	'2024-08-18 11:43:55.344815',	NULL),
(23,	1,	1,	1,	1,	'2024-08-18 11:43:55.348229',	'2024-08-18 11:43:55.348229',	NULL),
(24,	1,	1,	1,	1,	'2024-08-18 11:43:55.350913',	'2024-08-18 11:43:55.350913',	NULL),
(25,	1,	1,	1,	1,	'2024-08-18 11:43:55.353851',	'2024-08-18 11:43:55.353851',	NULL),
(26,	1,	1,	1,	1,	'2024-08-18 11:43:55.355910',	'2024-08-18 11:43:55.355910',	NULL),
(27,	1,	1,	1,	1,	'2024-08-18 11:43:55.357818',	'2024-08-18 11:43:55.357818',	NULL),
(28,	1,	1,	1,	1,	'2024-08-18 11:43:55.359420',	'2024-08-18 11:43:55.359420',	NULL),
(29,	1,	1,	1,	1,	'2024-08-18 11:43:55.361802',	'2024-08-18 11:43:55.361802',	NULL),
(30,	1,	1,	1,	1,	'2024-08-18 11:43:55.364853',	'2024-08-18 11:43:55.364853',	NULL),
(31,	1,	1,	1,	1,	'2024-08-18 11:43:55.366749',	'2024-08-18 11:43:55.366749',	NULL),
(32,	1,	1,	1,	1,	'2024-08-18 11:43:55.368708',	'2024-08-18 11:43:55.368708',	NULL),
(33,	1,	1,	1,	1,	'2024-08-18 11:43:55.370969',	'2024-08-18 11:43:55.370969',	NULL),
(34,	1,	1,	1,	1,	'2024-08-18 11:43:55.373043',	'2024-08-18 11:43:55.373043',	NULL),
(35,	1,	1,	1,	1,	'2024-08-18 11:43:55.374930',	'2024-08-18 11:43:55.374930',	NULL),
(36,	1,	1,	1,	1,	'2024-08-18 11:43:55.378294',	'2024-08-18 11:43:55.378294',	NULL),
(37,	1,	1,	1,	1,	'2024-08-18 11:43:55.380866',	'2024-08-18 11:43:55.380866',	NULL),
(39,	1,	1,	1,	1,	'2024-08-18 11:43:55.382958',	'2024-08-18 11:43:55.382958',	NULL),
(40,	1,	1,	1,	1,	'2024-08-18 11:43:55.384645',	'2024-08-18 11:43:55.384645',	NULL),
(42,	1,	1,	1,	1,	'2024-08-18 11:43:55.386692',	'2024-08-18 11:43:55.386692',	NULL),
(43,	1,	1,	1,	1,	'2024-08-18 11:43:55.388663',	'2024-08-18 11:43:55.388663',	NULL),
(44,	1,	1,	1,	1,	'2024-08-18 11:43:55.390088',	'2024-08-18 11:43:55.390088',	NULL),
(45,	1,	1,	1,	1,	'2024-08-18 11:43:55.391499',	'2024-08-18 11:43:55.391499',	NULL),
(46,	1,	1,	1,	1,	'2024-08-18 11:43:55.393242',	'2024-08-18 11:43:55.393242',	NULL),
(47,	1,	1,	1,	1,	'2024-08-18 11:43:55.396297',	'2024-08-18 11:43:55.396297',	NULL),
(48,	1,	1,	1,	1,	'2024-08-18 11:43:55.399157',	'2024-08-18 11:43:55.399157',	NULL),
(49,	1,	1,	1,	1,	'2024-08-18 11:43:55.401459',	'2024-08-18 11:43:55.401459',	NULL),
(50,	1,	1,	1,	1,	'2024-08-18 11:43:55.404065',	'2024-08-18 11:43:55.404065',	NULL),
(51,	1,	1,	1,	1,	'2024-08-18 11:43:55.405924',	'2024-08-18 11:43:55.405924',	NULL),
(52,	1,	1,	1,	1,	'2024-08-18 11:43:55.407523',	'2024-08-18 11:43:55.407523',	NULL),
(53,	1,	1,	1,	1,	'2024-08-18 11:43:55.409263',	'2024-08-18 11:43:55.409263',	NULL),
(54,	1,	1,	1,	1,	'2024-08-18 11:43:55.411829',	'2024-08-18 11:43:55.411829',	NULL),
(55,	1,	1,	1,	1,	'2024-08-18 11:43:55.414482',	'2024-08-18 11:43:55.414482',	NULL),
(56,	1,	1,	1,	1,	'2024-08-18 11:43:55.416400',	'2024-08-18 11:43:55.416400',	NULL),
(57,	1,	1,	1,	1,	'2024-08-18 11:43:55.417902',	'2024-08-18 11:43:55.417902',	NULL),
(58,	1,	1,	1,	1,	'2024-08-18 11:43:55.420567',	'2024-08-18 11:43:55.420567',	NULL),
(59,	1,	1,	1,	1,	'2024-08-18 11:43:55.422593',	'2024-08-18 11:43:55.422593',	NULL),
(60,	1,	1,	1,	1,	'2024-08-18 11:43:55.424206',	'2024-08-18 11:43:55.424206',	NULL),
(61,	1,	1,	1,	1,	'2024-08-18 11:43:55.425827',	'2024-08-18 11:43:55.425827',	NULL),
(62,	1,	1,	1,	1,	'2024-08-18 11:43:55.427324',	'2024-08-18 11:43:55.427324',	NULL),
(63,	1,	1,	1,	1,	'2024-08-18 11:43:55.429957',	'2024-08-18 11:43:55.429957',	NULL),
(64,	1,	1,	1,	1,	'2024-08-18 11:43:55.432269',	'2024-08-18 11:43:55.432269',	NULL),
(65,	1,	1,	1,	1,	'2024-08-18 11:43:55.433979',	'2024-08-18 11:43:55.433979',	NULL),
(66,	1,	1,	1,	1,	'2024-08-18 11:43:55.435904',	'2024-08-18 11:43:55.435904',	NULL),
(67,	1,	1,	1,	1,	'2024-08-18 11:43:55.438375',	'2024-08-18 11:43:55.438375',	NULL),
(68,	1,	1,	1,	1,	'2024-08-18 11:43:55.440432',	'2024-08-18 11:43:55.440432',	NULL),
(69,	1,	1,	1,	1,	'2024-08-18 11:43:55.441936',	'2024-08-18 11:43:55.441936',	NULL),
(70,	1,	1,	1,	1,	'2024-08-18 11:43:55.443905',	'2024-08-18 11:43:55.443905',	NULL),
(71,	1,	1,	1,	1,	'2024-08-18 11:43:55.446552',	'2024-08-18 11:43:55.446552',	NULL),
(72,	1,	1,	1,	1,	'2024-08-18 11:43:55.448742',	'2024-08-18 11:43:55.448742',	NULL),
(73,	1,	1,	1,	1,	'2024-08-18 11:43:55.450388',	'2024-08-18 11:43:55.450388',	NULL),
(74,	1,	1,	1,	1,	'2024-08-18 11:43:55.452227',	'2024-08-18 11:43:55.452227',	NULL),
(75,	1,	1,	1,	1,	'2024-08-18 11:43:55.454521',	'2024-08-18 11:43:55.454521',	NULL),
(76,	1,	1,	1,	1,	'2024-08-18 11:43:55.456059',	'2024-08-18 11:43:55.456059',	NULL),
(77,	1,	1,	1,	1,	'2024-08-18 11:43:55.457956',	'2024-08-18 11:43:55.457956',	NULL),
(78,	1,	1,	1,	1,	'2024-08-18 11:43:55.459567',	'2024-08-18 11:43:55.459567',	NULL),
(79,	1,	1,	1,	1,	'2024-08-18 11:43:55.463449',	'2024-08-18 11:43:55.463449',	NULL),
(79,	2,	1,	1,	1,	'2024-08-27 22:30:31.018786',	'2024-08-27 22:30:31.018786',	NULL),
(80,	1,	1,	1,	1,	'2024-08-18 11:43:55.466872',	'2024-08-18 11:43:55.466872',	NULL),
(81,	1,	1,	1,	1,	'2024-08-18 11:43:55.469032',	'2024-08-18 11:43:55.469032',	NULL),
(82,	1,	1,	1,	1,	'2024-08-18 11:43:55.471813',	'2024-08-18 11:43:55.471813',	NULL),
(82,	3,	1,	1,	1,	'2024-09-09 23:47:00.473180',	'2024-09-09 23:47:00.473180',	NULL),
(83,	1,	1,	1,	1,	'2024-08-18 11:43:55.473629',	'2024-08-18 11:43:55.473629',	NULL),
(84,	1,	1,	1,	1,	'2024-08-18 11:43:55.475604',	'2024-08-18 11:43:55.475604',	NULL),
(85,	1,	1,	1,	1,	'2024-08-18 11:43:55.477561',	'2024-08-18 11:43:55.477561',	NULL),
(86,	1,	1,	1,	1,	'2024-08-18 11:43:55.480702',	'2024-08-18 11:43:55.480702',	NULL),
(87,	1,	1,	1,	1,	'2024-08-18 11:43:55.483284',	'2024-08-18 11:43:55.483284',	NULL),
(88,	1,	1,	1,	1,	'2024-08-18 11:43:55.485590',	'2024-08-18 11:43:55.485590',	NULL),
(89,	1,	1,	1,	1,	'2024-08-18 11:43:55.488027',	'2024-08-18 11:43:55.488027',	NULL),
(90,	1,	1,	1,	1,	'2024-08-18 11:43:55.489641',	'2024-08-18 11:43:55.489641',	NULL),
(91,	1,	1,	1,	1,	'2024-08-18 11:43:55.491389',	'2024-08-18 11:43:55.491389',	NULL),
(92,	1,	1,	1,	1,	'2024-08-18 11:43:55.492991',	'2024-08-18 11:43:55.492991',	NULL),
(93,	1,	1,	1,	1,	'2024-08-18 11:43:55.495394',	'2024-08-18 11:43:55.495394',	NULL),
(93,	2,	1,	1,	1,	'2024-08-27 22:30:31.022188',	'2024-08-27 22:30:31.022188',	NULL),
(93,	3,	1,	1,	1,	'2024-09-09 23:47:00.484854',	'2024-09-09 23:47:00.484854',	NULL),
(94,	1,	1,	1,	1,	'2024-08-18 11:43:55.497840',	'2024-08-18 11:43:55.497840',	NULL),
(95,	1,	1,	1,	1,	'2024-08-18 11:43:55.499497',	'2024-08-18 11:43:55.499497',	NULL),
(96,	1,	1,	1,	1,	'2024-08-18 11:43:55.501216',	'2024-08-18 11:43:55.501216',	NULL),
(97,	1,	1,	1,	1,	'2024-08-18 11:43:55.503488',	'2024-08-18 11:43:55.503488',	NULL),
(98,	1,	1,	1,	1,	'2024-08-18 11:43:55.505986',	'2024-08-18 11:43:55.505986',	NULL),
(99,	1,	1,	1,	1,	'2024-08-18 11:43:55.507713',	'2024-08-18 11:43:55.507713',	NULL),
(99,	2,	1,	1,	1,	'2024-08-27 22:30:31.025064',	'2024-08-27 22:30:31.025064',	NULL),
(99,	3,	1,	1,	1,	'2024-09-09 23:47:00.487273',	'2024-09-09 23:47:00.487273',	NULL),
(100,	1,	1,	1,	1,	'2024-08-18 11:43:55.509101',	'2024-08-18 11:43:55.509101',	NULL),
(101,	1,	1,	1,	1,	'2024-08-18 11:43:55.510383',	'2024-08-18 11:43:55.510383',	NULL),
(102,	1,	1,	1,	1,	'2024-08-18 11:43:55.512925',	'2024-08-18 11:43:55.512925',	NULL),
(103,	1,	1,	1,	1,	'2024-08-18 11:43:55.515248',	'2024-08-18 11:43:55.515248',	NULL),
(104,	1,	1,	1,	1,	'2024-08-18 11:43:55.516890',	'2024-08-18 11:43:55.516890',	NULL),
(105,	1,	1,	1,	1,	'2024-08-18 11:43:55.518642',	'2024-08-18 11:43:55.518642',	NULL),
(106,	1,	1,	1,	1,	'2024-08-18 11:43:55.520613',	'2024-08-18 11:43:55.520613',	NULL),
(107,	1,	1,	1,	1,	'2024-08-18 11:43:55.521985',	'2024-08-18 11:43:55.521985',	NULL),
(108,	1,	1,	1,	1,	'2024-08-18 11:43:55.523298',	'2024-08-18 11:43:55.523298',	NULL),
(109,	1,	1,	1,	1,	'2024-08-18 11:43:55.524589',	'2024-08-18 11:43:55.524589',	NULL),
(110,	1,	1,	1,	1,	'2024-08-18 11:43:55.525768',	'2024-08-18 11:43:55.525768',	NULL),
(111,	1,	1,	1,	1,	'2024-08-18 11:43:55.527117',	'2024-08-18 11:43:55.527117',	NULL),
(112,	1,	1,	1,	1,	'2024-08-18 11:43:55.529320',	'2024-08-18 11:43:55.529320',	NULL),
(113,	1,	1,	1,	1,	'2024-08-18 11:43:55.531362',	'2024-08-18 11:43:55.531362',	NULL),
(114,	1,	1,	1,	1,	'2024-08-18 11:43:55.532996',	'2024-08-18 11:43:55.532996',	NULL),
(115,	1,	1,	1,	1,	'2024-08-18 11:43:55.534431',	'2024-08-18 11:43:55.534431',	NULL),
(116,	1,	1,	1,	1,	'2024-08-18 11:43:55.536409',	'2024-08-18 11:43:55.536409',	NULL),
(117,	1,	1,	1,	1,	'2024-08-18 11:43:55.538633',	'2024-08-18 11:43:55.538633',	NULL),
(118,	1,	1,	1,	1,	'2024-08-18 11:43:55.540294',	'2024-08-18 11:43:55.540294',	NULL),
(119,	1,	1,	1,	1,	'2024-08-18 11:43:55.542092',	'2024-08-18 11:43:55.542092',	NULL),
(120,	1,	1,	1,	1,	'2024-08-18 11:43:55.544050',	'2024-08-18 11:43:55.544050',	NULL),
(121,	1,	1,	1,	1,	'2024-08-18 11:43:55.546581',	'2024-08-18 11:43:55.546581',	NULL),
(122,	1,	1,	1,	1,	'2024-08-18 11:43:55.548351',	'2024-08-18 11:43:55.548351',	NULL),
(123,	1,	1,	1,	1,	'2024-08-18 11:43:55.549923',	'2024-08-18 11:43:55.549923',	NULL),
(124,	1,	1,	1,	1,	'2024-08-18 11:43:55.551547',	'2024-08-18 11:43:55.551547',	NULL),
(126,	1,	1,	1,	1,	'2024-08-18 11:43:55.553812',	'2024-08-18 11:43:55.553812',	NULL),
(130,	1,	1,	1,	1,	'2024-08-18 11:43:55.555510',	'2024-08-18 11:43:55.555510',	NULL),
(132,	1,	1,	1,	1,	'2024-08-18 11:43:55.557023',	'2024-08-18 11:43:55.557023',	NULL),
(133,	1,	1,	1,	1,	'2024-08-18 11:43:55.558764',	'2024-08-18 11:43:55.558764',	NULL),
(134,	1,	1,	1,	1,	'2024-08-18 11:43:55.560543',	'2024-08-18 11:43:55.560543',	NULL),
(137,	1,	1,	1,	1,	'2024-08-18 11:43:55.562905',	'2024-08-18 11:43:55.562905',	NULL),
(138,	1,	1,	1,	1,	'2024-08-18 11:43:55.564887',	'2024-08-18 11:43:55.564887',	NULL),
(140,	1,	1,	1,	1,	'2024-08-18 11:43:55.566333',	'2024-08-18 11:43:55.566333',	NULL),
(142,	1,	1,	1,	1,	'2024-08-18 11:43:55.568057',	'2024-08-18 11:43:55.568057',	NULL),
(143,	1,	1,	1,	1,	'2024-08-18 11:43:55.570372',	'2024-08-18 11:43:55.570372',	NULL),
(143,	2,	1,	1,	1,	'2024-08-27 22:30:31.027094',	'2024-08-27 22:30:31.027094',	NULL),
(146,	1,	1,	1,	1,	'2024-08-18 11:43:55.572175',	'2024-08-18 11:43:55.572175',	NULL),
(146,	2,	1,	1,	1,	'2024-08-27 22:30:31.029042',	'2024-08-27 22:30:31.029042',	NULL),
(147,	1,	1,	1,	1,	'2024-08-18 11:43:55.573610',	'2024-08-18 11:43:55.573610',	NULL),
(148,	1,	1,	1,	1,	'2024-08-18 11:43:55.575158',	'2024-08-18 11:43:55.575158',	NULL),
(150,	1,	1,	1,	1,	'2024-08-18 11:43:55.576625',	'2024-08-18 11:43:55.576625',	NULL),
(150,	2,	1,	1,	1,	'2024-08-27 22:30:31.031095',	'2024-08-27 22:30:31.031095',	NULL),
(151,	1,	1,	1,	1,	'2024-08-18 11:43:55.578707',	'2024-08-18 11:43:55.578707',	NULL),
(157,	1,	1,	1,	1,	'2024-08-18 11:43:55.580628',	'2024-08-18 11:43:55.580628',	NULL),
(172,	3,	1,	1,	1,	'2024-09-09 23:47:00.490396',	'2024-09-09 23:47:00.490396',	NULL),
(183,	2,	1,	1,	1,	'2024-08-27 22:30:31.033858',	'2024-08-27 22:30:31.033858',	NULL),
(183,	3,	1,	1,	1,	'2024-09-09 23:47:00.493399',	'2024-09-09 23:47:00.493399',	NULL),
(189,	1,	1,	1,	1,	'2024-08-18 11:43:55.582035',	'2024-08-18 11:43:55.582035',	NULL),
(189,	2,	1,	1,	1,	'2024-08-27 22:30:31.036899',	'2024-08-27 22:30:31.036899',	NULL),
(193,	1,	1,	1,	1,	'2024-08-18 11:43:55.583700',	'2024-08-18 11:43:55.583700',	NULL),
(194,	1,	1,	1,	1,	'2024-08-18 11:43:55.585447',	'2024-08-18 11:43:55.585447',	NULL),
(195,	1,	1,	1,	1,	'2024-08-18 11:43:55.587637',	'2024-08-18 11:43:55.587637',	NULL),
(196,	1,	1,	1,	1,	'2024-08-18 11:43:55.589582',	'2024-08-18 11:43:55.589582',	NULL),
(196,	3,	1,	1,	1,	'2024-09-09 23:47:00.496280',	'2024-09-09 23:47:00.496280',	NULL),
(197,	1,	1,	1,	1,	'2024-08-18 11:43:55.591195',	'2024-08-18 11:43:55.591195',	NULL),
(198,	1,	1,	1,	1,	'2024-08-18 11:43:55.592698',	'2024-08-18 11:43:55.592698',	NULL),
(199,	1,	1,	1,	1,	'2024-08-18 11:43:55.594329',	'2024-08-18 11:43:55.594329',	NULL),
(200,	1,	1,	1,	1,	'2024-08-18 11:43:55.596719',	'2024-08-18 11:43:55.596719',	NULL),
(201,	1,	1,	1,	1,	'2024-08-18 11:43:55.598771',	'2024-08-18 11:43:55.598771',	NULL),
(202,	1,	1,	1,	1,	'2024-08-18 11:43:55.600178',	'2024-08-18 11:43:55.600178',	NULL),
(203,	1,	1,	1,	1,	'2024-08-18 11:43:55.601879',	'2024-08-18 11:43:55.601879',	NULL),
(204,	1,	1,	1,	1,	'2024-08-18 11:43:55.604317',	'2024-08-18 11:43:55.604317',	NULL),
(205,	1,	1,	1,	1,	'2024-08-18 11:43:55.605960',	'2024-08-18 11:43:55.605960',	NULL),
(206,	1,	1,	1,	1,	'2024-08-18 11:43:55.607439',	'2024-08-18 11:43:55.607439',	NULL),
(207,	1,	1,	1,	1,	'2024-08-18 11:43:55.608852',	'2024-08-18 11:43:55.608852',	NULL),
(208,	1,	1,	1,	1,	'2024-08-18 11:43:55.610944',	'2024-08-18 11:43:55.610944',	NULL),
(209,	1,	1,	1,	1,	'2024-08-18 11:43:55.613385',	'2024-08-18 11:43:55.613385',	NULL),
(210,	1,	1,	1,	1,	'2024-08-18 11:43:55.615099',	'2024-08-18 11:43:55.615099',	NULL),
(211,	1,	1,	1,	1,	'2024-08-18 11:43:55.616401',	'2024-08-18 11:43:55.616401',	NULL),
(212,	1,	1,	1,	1,	'2024-08-18 11:43:55.617937',	'2024-08-18 11:43:55.617937',	NULL),
(213,	1,	1,	1,	1,	'2024-08-18 11:43:55.620289',	'2024-08-18 11:43:55.620289',	NULL),
(214,	1,	1,	1,	1,	'2024-08-18 11:43:55.622192',	'2024-08-18 11:43:55.622192',	NULL),
(215,	1,	1,	1,	1,	'2024-08-18 11:43:55.623650',	'2024-08-18 11:43:55.623650',	NULL),
(216,	1,	1,	1,	1,	'2024-08-18 11:43:55.625058',	'2024-08-18 11:43:55.625058',	NULL),
(217,	1,	1,	1,	1,	'2024-08-18 11:43:55.626258',	'2024-08-18 11:43:55.626258',	NULL),
(220,	1,	1,	1,	1,	'2024-08-18 11:43:55.628167',	'2024-08-18 11:43:55.628167',	NULL),
(222,	1,	1,	1,	1,	'2024-08-18 11:43:55.630295',	'2024-08-18 11:43:55.630295',	NULL),
(223,	1,	1,	1,	1,	'2024-08-18 11:43:55.631774',	'2024-08-18 11:43:55.631774',	NULL),
(224,	1,	1,	1,	1,	'2024-08-18 11:43:55.633095',	'2024-08-18 11:43:55.633095',	NULL),
(228,	2,	1,	1,	1,	'2024-08-27 22:30:31.039137',	'2024-08-27 22:30:31.039137',	NULL),
(229,	1,	1,	1,	1,	'2024-08-18 11:43:55.634498',	'2024-08-18 11:43:55.634498',	NULL),
(230,	1,	1,	1,	1,	'2024-08-18 11:43:55.636346',	'2024-08-18 11:43:55.636346',	NULL),
(232,	3,	1,	1,	1,	'2024-09-09 23:47:00.498574',	'2024-09-09 23:47:00.498574',	NULL),
(238,	3,	1,	1,	1,	'2024-09-09 23:47:00.502364',	'2024-09-09 23:47:00.502364',	NULL),
(248,	2,	1,	1,	1,	'2024-08-27 22:30:31.042154',	'2024-08-27 22:30:31.042154',	NULL),
(248,	3,	1,	1,	1,	'2024-09-09 23:47:00.506880',	'2024-09-09 23:47:00.506880',	NULL),
(254,	3,	1,	1,	1,	'2024-09-09 23:47:00.504546',	'2024-09-09 23:47:00.504546',	NULL);

DROP TABLE IF EXISTS `story`;
CREATE TABLE `story` (
  `createdAt` datetime(6) NOT NULL DEFAULT current_timestamp(6),
  `updatedAt` datetime(6) NOT NULL DEFAULT current_timestamp(6) ON UPDATE current_timestamp(6),
  `byId` int(11) DEFAULT NULL,
  `id` int(11) NOT NULL AUTO_INCREMENT,
  `imagePath` varchar(255) DEFAULT NULL,
  `groupId` int(11) DEFAULT NULL,
  PRIMARY KEY (`id`)
) ENGINE=InnoDB DEFAULT CHARSET=utf8mb4 COLLATE=utf8mb4_general_ci;

TRUNCATE `story`;
INSERT INTO `story` (`createdAt`, `updatedAt`, `byId`, `id`, `imagePath`, `groupId`) VALUES
('2024-08-28 17:34:47.032244',	'2024-08-28 17:34:47.032244',	6,	7,	'https://senrestodev.s3.amazonaws.com/public/dev/6d214410a9742d5cd4446a38accff2ee6.jpg',	3),
('2024-08-28 17:34:47.035579',	'2024-08-28 17:34:47.035579',	6,	8,	'https://senrestodev.s3.amazonaws.com/public/dev/61b49689eb9465c79a48d2dae510fde4d.jpg',	3),
('2024-08-28 17:34:47.039398',	'2024-08-28 17:34:47.039398',	6,	9,	'https://senrestodev.s3.amazonaws.com/public/dev/e42ab3f1a4d2f10767d547879710bc476.jpg',	3),
('2024-08-28 17:34:47.043650',	'2024-08-28 17:34:47.043650',	6,	10,	'https://senrestodev.s3.amazonaws.com/public/dev/78160e0cdbc869d12337664c5a715904.jpg',	3),
('2024-08-28 17:34:47.047285',	'2024-08-28 17:34:47.047285',	6,	11,	'https://senrestodev.s3.amazonaws.com/public/dev/868c481245558d1cc0a58db3e1a10cb81.jpg',	3),
('2024-09-09 15:37:46.379828',	'2024-09-09 15:37:46.379828',	7,	12,	'https://senrestodev.s3.amazonaws.com/public/dev/840e2c8aa812eef57908791ff3249e45.jpg',	2),
('2024-09-09 15:37:46.399094',	'2024-09-09 15:37:46.399094',	7,	13,	'https://senrestodev.s3.amazonaws.com/public/dev/57d51f8da5a99854bc21105327f7bd910.jpg',	2),
('2024-09-09 15:37:46.403347',	'2024-09-09 15:37:46.403347',	7,	14,	'https://senrestodev.s3.amazonaws.com/public/dev/87c53be877f0f78722c21f45dddf4999.jpg',	2),
('2024-09-09 23:47:22.686029',	'2024-09-09 23:47:22.686029',	8,	15,	'https://senrestodev.s3.amazonaws.com/public/dev/1065f81105a2662933edd39d86a86e9fac.jpeg',	4),
('2024-09-09 23:47:22.691355',	'2024-09-09 23:47:22.691355',	8,	16,	'https://senrestodev.s3.amazonaws.com/public/dev/946b216c7c92866f21f17d9e736d2c32.jpeg',	4);

DROP TABLE IF EXISTS `story_group`;
CREATE TABLE `story_group` (
  `createdAt` datetime(6) NOT NULL DEFAULT current_timestamp(6),
  `updatedAt` datetime(6) NOT NULL DEFAULT current_timestamp(6) ON UPDATE current_timestamp(6),
  `byId` int(11) DEFAULT NULL,
  `id` int(11) NOT NULL AUTO_INCREMENT,
  `partnerId` int(11) DEFAULT NULL,
  PRIMARY KEY (`id`)
) ENGINE=InnoDB DEFAULT CHARSET=utf8mb4 COLLATE=utf8mb4_general_ci;

TRUNCATE `story_group`;
INSERT INTO `story_group` (`createdAt`, `updatedAt`, `byId`, `id`, `partnerId`) VALUES
('2024-08-28 16:57:28.767423',	'2024-08-28 16:57:28.767423',	7,	2,	3),
('2024-08-28 17:34:41.374474',	'2024-08-28 17:34:41.374474',	6,	3,	7),
('2024-09-09 23:47:21.423404',	'2024-09-09 23:47:21.423404',	8,	4,	17);

DROP TABLE IF EXISTS `transaction`;
CREATE TABLE `transaction` (
  `id` int(11) NOT NULL AUTO_INCREMENT,
  `amount` double NOT NULL DEFAULT 0,
  `receiverId` int(11) DEFAULT NULL,
  `senderId` int(11) DEFAULT NULL,
  `externalId` varchar(255) DEFAULT NULL,
  `externalName` varchar(255) DEFAULT NULL,
  `status` tinyint(4) NOT NULL DEFAULT 1,
  `detailsCreatedat` datetime(6) NOT NULL DEFAULT current_timestamp(6),
  `detailsUpdatedat` datetime(6) NOT NULL DEFAULT current_timestamp(6) ON UPDATE current_timestamp(6),
  `detailsByid` int(11) DEFAULT NULL,
  PRIMARY KEY (`id`)
) ENGINE=InnoDB DEFAULT CHARSET=utf8mb4 COLLATE=utf8mb4_general_ci;

TRUNCATE `transaction`;

DROP TABLE IF EXISTS `user`;
CREATE TABLE `user` (
  `id` int(11) NOT NULL AUTO_INCREMENT,
  `firstname` varchar(255) NOT NULL,
  `lastname` varchar(255) NOT NULL,
  `email` varchar(255) NOT NULL,
  `password` varchar(255) NOT NULL,
  `phone` varchar(255) NOT NULL DEFAULT '2213000000',
  `passwordCrypt` varchar(255) NOT NULL,
  `roleId` int(11) DEFAULT NULL,
  `birthday` datetime DEFAULT NULL,
  `isActive` tinyint(4) NOT NULL DEFAULT 1,
  `isBloqued` tinyint(4) NOT NULL DEFAULT 1,
  `parentId` int(11) DEFAULT NULL,
  `isMfa` tinyint(4) NOT NULL DEFAULT 1,
  `coordonatesLatitude` double NOT NULL DEFAULT 0,
  `coordonatesLongitude` double NOT NULL DEFAULT 0,
  `detailsCreatedat` datetime(6) NOT NULL DEFAULT current_timestamp(6),
  `detailsUpdatedat` datetime(6) NOT NULL DEFAULT current_timestamp(6) ON UPDATE current_timestamp(6),
  `detailsByid` int(11) DEFAULT NULL,
  `address` varchar(255) DEFAULT NULL,
  `cityId` int(11) DEFAULT NULL,
  PRIMARY KEY (`id`),
  UNIQUE KEY `IDX_8e1f623798118e629b46a9e629` (`phone`),
  KEY `FK_c28e52f758e7bbc53828db92194` (`roleId`),
  KEY `FK_beb5846554bec348f6baf449e83` (`cityId`),
  KEY `FK_c86f56da7bb30c073e3cbed4e50` (`parentId`),
  KEY `FK_3106601672add5e2248c7604559` (`detailsByid`),
  CONSTRAINT `FK_3106601672add5e2248c7604559` FOREIGN KEY (`detailsByid`) REFERENCES `user` (`id`) ON DELETE NO ACTION ON UPDATE NO ACTION,
  CONSTRAINT `FK_beb5846554bec348f6baf449e83` FOREIGN KEY (`cityId`) REFERENCES `city` (`id`) ON DELETE NO ACTION ON UPDATE NO ACTION,
  CONSTRAINT `FK_c28e52f758e7bbc53828db92194` FOREIGN KEY (`roleId`) REFERENCES `role` (`id`) ON DELETE NO ACTION ON UPDATE NO ACTION,
  CONSTRAINT `FK_c86f56da7bb30c073e3cbed4e50` FOREIGN KEY (`parentId`) REFERENCES `partner` (`id`) ON DELETE NO ACTION ON UPDATE NO ACTION
) ENGINE=InnoDB DEFAULT CHARSET=utf8mb4 COLLATE=utf8mb4_general_ci;

TRUNCATE `user`;
INSERT INTO `user` (`id`, `firstname`, `lastname`, `email`, `password`, `phone`, `passwordCrypt`, `roleId`, `birthday`, `isActive`, `isBloqued`, `parentId`, `isMfa`, `coordonatesLatitude`, `coordonatesLongitude`, `detailsCreatedat`, `detailsUpdatedat`, `detailsByid`, `address`, `cityId`) VALUES
(1,	'SUPER',	'ADMIN',	'Kalanji2023@gmail.com',	'102dc34578d5f31d5d7083413e4f965af242e76a3d0276d94a18e97d8c8f6481',	'2213000000',	'U2FsdGVkX1/nRTlZf7x7AHgEVgtmkYPEgYwwTTt77ek=',	1,	NULL,	1,	1,	1,	1,	0,	0,	'2024-08-12 16:00:15.654317',	'2024-08-17 13:27:24.796325',	NULL,	NULL,	NULL),
(6,	'djiga',	'salane',	'djigasr1@yupmail.com',	'91b4d142823f7d20c5f08df69122de43f35f057a988d9619f6d3138485c9a203',	'7710000001',	'U2FsdGVkX18+hnvH8f1ERZvdZx0I2bFXP7lXC1YsoQ4=',	2,	NULL,	1,	1,	7,	1,	0,	0,	'2024-08-18 17:13:39.118835',	'2024-08-28 17:32:13.000000',	1,	'undefined',	70992),
(7,	'Mamadou',	'Ndiaye',	'Kfc0@yopmail.com',	'bdf8df8985160f0f50ae90b06c271c8d236ab4f1af20241648205aa3e3189542',	'7788789334',	'U2FsdGVkX18njOn6n8hHdhOw1eWPOg8fQmhM4ljXJ2E=',	2,	NULL,	1,	1,	3,	1,	0,	0,	'2024-08-21 04:06:16.100219',	'2024-08-21 04:06:55.000000',	1,	'icotaf',	NULL),
(8,	'chez',	'ketchup',	'chezKetchup@yopmail.com',	'91b4d142823f7d20c5f08df69122de43f35f057a988d9619f6d3138485c9a203',	'22177675678',	'U2FsdGVkX19bKy/nYzzf9oRIZsSxhxIZOuj6vQXmHlE=',	3,	NULL,	1,	1,	17,	1,	0,	0,	'2024-09-02 22:25:12.955551',	'2024-09-02 22:25:12.955551',	1,	'yoof',	61490);

DROP TABLE IF EXISTS `wallet_status`;
CREATE TABLE `wallet_status` (
  `id` int(11) NOT NULL AUTO_INCREMENT,
  `entityId` int(11) DEFAULT NULL,
  `totalCredit` double NOT NULL DEFAULT 0,
  `totalDebit` double NOT NULL DEFAULT 0,
  `transactionId` int(11) DEFAULT NULL,
  `createdAt` timestamp(6) NOT NULL DEFAULT current_timestamp(6),
  `updatedAt` timestamp(6) NOT NULL DEFAULT current_timestamp(6) ON UPDATE current_timestamp(6),
  PRIMARY KEY (`id`)
) ENGINE=InnoDB DEFAULT CHARSET=utf8mb4 COLLATE=utf8mb4_general_ci;

TRUNCATE `wallet_status`;
INSERT INTO `wallet_status` (`id`, `entityId`, `totalCredit`, `totalDebit`, `transactionId`, `createdAt`, `updatedAt`) VALUES
(1,	1,	0,	0,	NULL,	'2024-08-12 16:01:13.591724',	'2024-08-12 16:01:13.591724'),
(2,	3,	0,	0,	NULL,	'2024-08-19 11:05:04.496177',	'2024-08-19 11:05:04.496177'),
(3,	4,	0,	0,	NULL,	'2024-08-20 22:45:48.924399',	'2024-08-20 22:45:48.924399'),
(4,	5,	0,	0,	NULL,	'2024-08-20 22:51:29.340366',	'2024-08-20 22:51:29.340366'),
(5,	6,	0,	0,	NULL,	'2024-08-21 01:19:06.677407',	'2024-08-21 01:19:06.677407'),
(6,	7,	0,	0,	NULL,	'2024-08-22 17:37:02.502617',	'2024-08-22 17:37:02.502617'),
(7,	11,	0,	0,	NULL,	'2024-08-23 21:02:16.173590',	'2024-08-23 21:02:16.173590'),
(8,	18,	0,	0,	NULL,	'2024-09-03 16:21:02.005114',	'2024-09-03 16:21:02.005114'),
(9,	21,	0,	0,	NULL,	'2024-09-04 10:56:24.430364',	'2024-09-04 10:56:24.430364'),
(10,	22,	0,	0,	NULL,	'2024-09-08 21:25:08.227275',	'2024-09-08 21:25:08.227275');

DROP TABLE IF EXISTS `weekday`;
CREATE TABLE `weekday` (
  `id` int(11) NOT NULL AUTO_INCREMENT,
  `name` varchar(255) NOT NULL,
  `dayNumber` int(11) NOT NULL,
  PRIMARY KEY (`id`),
  UNIQUE KEY `IDX_e96a29a9d21112c5873af036e9` (`name`),
  UNIQUE KEY `IDX_9927b17f929e69fbe5a26bb0a9` (`dayNumber`)
) ENGINE=InnoDB DEFAULT CHARSET=utf8mb4 COLLATE=utf8mb4_general_ci;

TRUNCATE `weekday`;
INSERT INTO `weekday` (`id`, `name`, `dayNumber`) VALUES
(29,	'Sunday',	0),
(30,	'Monday',	1),
(31,	'Tuesday',	2),
(32,	'Wednesday',	3),
(33,	'Thursday',	4),
(34,	'Friday',	5),
(35,	'Saturday',	6);

-- 2024-09-19 18:09:42
